/*
 Navicat Premium Data Transfer

 Source Server         : MySQL55
 Source Server Type    : MySQL
 Source Server Version : 80021
 Source Host           : localhost:3306
 Source Schema         : renren_security

 Target Server Type    : MySQL
 Target Server Version : 80021
 File Encoding         : 65001

 Date: 28/08/2022 15:53:28
*/

SET NAMES utf8mb4;
SET FOREIGN_KEY_CHECKS = 0;

-- ----------------------------
-- Table structure for address_book
-- ----------------------------
DROP TABLE IF EXISTS `address_book`;
CREATE TABLE `address_book`  (
  `id` bigint(0) NOT NULL COMMENT '主键',
  `user_id` bigint(0) NOT NULL COMMENT '用户id',
  `consignee` varchar(50) CHARACTER SET utf8 COLLATE utf8_bin NOT NULL COMMENT '收货人',
  `gender` tinyint(0) NOT NULL COMMENT '性别 0 男 1 女',
  `phone` varchar(11) CHARACTER SET utf8 COLLATE utf8_bin NOT NULL COMMENT '手机号',
  `province_code` varchar(12) CHARACTER SET utf8mb4 COLLATE utf8mb4_0900_ai_ci NULL DEFAULT NULL COMMENT '省级区划编号',
  `province_name` varchar(32) CHARACTER SET utf8mb4 COLLATE utf8mb4_0900_ai_ci NULL DEFAULT NULL COMMENT '省级名称',
  `city_code` varchar(12) CHARACTER SET utf8mb4 COLLATE utf8mb4_0900_ai_ci NULL DEFAULT NULL COMMENT '市级区划编号',
  `city_name` varchar(32) CHARACTER SET utf8mb4 COLLATE utf8mb4_0900_ai_ci NULL DEFAULT NULL COMMENT '市级名称',
  `district_code` varchar(12) CHARACTER SET utf8mb4 COLLATE utf8mb4_0900_ai_ci NULL DEFAULT NULL COMMENT '区级区划编号',
  `district_name` varchar(32) CHARACTER SET utf8mb4 COLLATE utf8mb4_0900_ai_ci NULL DEFAULT NULL COMMENT '区级名称',
  `detail` varchar(200) CHARACTER SET utf8mb4 COLLATE utf8mb4_0900_ai_ci NULL DEFAULT NULL COMMENT '详细地址',
  `label` varchar(100) CHARACTER SET utf8mb4 COLLATE utf8mb4_0900_ai_ci NULL DEFAULT NULL COMMENT '标签',
  `is_default` tinyint(1) NOT NULL DEFAULT 0 COMMENT '默认 0 否 1是',
  `creator` bigint(0) NOT NULL COMMENT '创建人',
  `create_date` datetime(0) NOT NULL COMMENT '创建时间',
  `updater` bigint(0) NOT NULL COMMENT '修改人',
  `update_date` datetime(0) NOT NULL COMMENT '更新时间',
  `is_deleted` int(0) NOT NULL DEFAULT 0 COMMENT '是否删除',
  PRIMARY KEY (`id`) USING BTREE
) ENGINE = InnoDB CHARACTER SET = utf8 COLLATE = utf8_bin COMMENT = '地址管理' ROW_FORMAT = Dynamic;

-- ----------------------------
-- Records of address_book
-- ----------------------------

-- ----------------------------
-- Table structure for category
-- ----------------------------
DROP TABLE IF EXISTS `category`;
CREATE TABLE `category`  (
  `id` bigint(0) NOT NULL COMMENT '主键',
  `type` int(0) NULL DEFAULT NULL COMMENT '类型   1 菜品分类 2 套餐分类',
  `name` varchar(64) CHARACTER SET utf8 COLLATE utf8_bin NOT NULL COMMENT '分类名称',
  `sort` int(0) NOT NULL DEFAULT 0 COMMENT '顺序',
  `creator` bigint(0) NOT NULL COMMENT '创建人',
  `create_date` datetime(0) NOT NULL COMMENT '创建时间',
  `updater` bigint(0) NOT NULL COMMENT '修改人',
  `update_date` datetime(0) NOT NULL COMMENT '更新时间',
  PRIMARY KEY (`id`) USING BTREE,
  UNIQUE INDEX `idx_category_name`(`name`) USING BTREE
) ENGINE = InnoDB CHARACTER SET = utf8 COLLATE = utf8_bin COMMENT = '菜品及套餐分类' ROW_FORMAT = Dynamic;

-- ----------------------------
-- Records of category
-- ----------------------------
INSERT INTO `category` VALUES (1523221549476327425, 1, '家常菜', 9, 1, '2022-05-08 16:41:32', 1, '2022-05-08 17:38:00');
INSERT INTO `category` VALUES (1523221580623228930, 1, '盖饭', 8, 1, '2022-05-08 16:41:40', 1, '2022-05-08 17:38:08');
INSERT INTO `category` VALUES (1523221607961702401, 1, '特色菜', 7, 1, '2022-05-08 16:41:46', 1, '2022-05-08 17:38:16');
INSERT INTO `category` VALUES (1523221632653570050, 1, '干锅', 6, 1, '2022-05-08 16:41:52', 1, '2022-05-08 17:38:22');
INSERT INTO `category` VALUES (1523221667613093889, 1, '家常菜系列', 5, 1, '2022-05-08 16:42:00', 1, '2022-05-08 16:42:00');
INSERT INTO `category` VALUES (1523221692862803970, 1, '汤菜', 4, 1, '2022-05-08 16:42:06', 1, '2022-05-08 17:38:34');
INSERT INTO `category` VALUES (1523223881484185602, 1, '素菜系', 3, 1, '2022-05-08 16:50:48', 1, '2022-05-08 17:38:46');
INSERT INTO `category` VALUES (1523224049252151297, 2, '套餐', 2, 1, '2022-05-08 16:51:28', 1, '2022-05-08 17:39:08');
INSERT INTO `category` VALUES (1523224111688560641, 1, '米饭', 8, 1, '2022-05-08 16:51:43', 1, '2022-05-08 16:51:43');
INSERT INTO `category` VALUES (1523224134312636417, 1, '饮料', 1, 1, '2022-05-08 16:51:48', 1, '2022-05-08 17:39:13');

-- ----------------------------
-- Table structure for dish
-- ----------------------------
DROP TABLE IF EXISTS `dish`;
CREATE TABLE `dish`  (
  `id` bigint(0) NOT NULL COMMENT '主键',
  `name` varchar(64) CHARACTER SET utf8 COLLATE utf8_bin NOT NULL COMMENT '菜品名称',
  `category_id` bigint(0) NOT NULL COMMENT '菜品分类id',
  `price` decimal(10, 2) NULL DEFAULT NULL COMMENT '菜品价格',
  `code` varchar(64) CHARACTER SET utf8 COLLATE utf8_bin NOT NULL COMMENT '商品码',
  `image` varchar(200) CHARACTER SET utf8 COLLATE utf8_bin NOT NULL COMMENT '图片',
  `description` varchar(400) CHARACTER SET utf8 COLLATE utf8_bin NULL DEFAULT NULL COMMENT '描述信息',
  `status` int(0) NOT NULL DEFAULT 1 COMMENT '0 停售 1 起售',
  `sort` int(0) NOT NULL DEFAULT 0 COMMENT '顺序',
  `creator` bigint(0) NOT NULL COMMENT '创建人',
  `create_date` datetime(0) NOT NULL COMMENT '创建时间',
  `updater` bigint(0) NOT NULL COMMENT '修改人',
  `update_date` datetime(0) NOT NULL COMMENT '更新时间',
  `is_deleted` int(0) NOT NULL DEFAULT 0 COMMENT '是否删除',
  PRIMARY KEY (`id`) USING BTREE,
  UNIQUE INDEX `idx_dish_name`(`name`) USING BTREE
) ENGINE = InnoDB CHARACTER SET = utf8 COLLATE = utf8_bin COMMENT = '菜品管理' ROW_FORMAT = Dynamic;

-- ----------------------------
-- Records of dish
-- ----------------------------
INSERT INTO `dish` VALUES (1523227188311207938, '三鲜肉炒莲白(米饭单点)', 1523221549476327425, 1488.00, '', '29e866c2-5755-4e38-b78d-1477e3a5dc135.jpg', '原料：猪肉，白菜', 1, 0, 1, '2022-06-19 14:24:07', 1559815019674214402, '2022-08-21 12:33:20', 0);
INSERT INTO `dish` VALUES (1523227597964685314, '土豆炒肉丝（米饭单点）', 1523221549476327425, 1388.00, '', '3e35c86a-9c74-45bd-9955-0e9cc6cb36160.jpg', '原料：土豆，猪肉', 1, 0, 1, '2022-06-19 14:24:44', 1, '2022-06-19 14:24:44', 0);
INSERT INTO `dish` VALUES (1523227696245616641, '农家炒腊肉（米饭单点）', 1523221549476327425, 1688.00, '', 'df4c80db-80b6-455b-baa5-a4008b91baa86.jpg', '原料：腊肉', 1, 0, 1, '2022-06-19 14:23:55', 1, '2022-06-19 14:23:55', 0);
INSERT INTO `dish` VALUES (1523229046501126146, '干烧鲫鱼（米饭单点）', 1523221549476327425, 1898.00, '', '165ab715-8d70-4cb7-a166-6131675f35497.jpg', '原料：鲫鱼', 1, 0, 1, '2022-06-19 14:23:21', 1, '2022-06-19 14:23:21', 0);
INSERT INTO `dish` VALUES (1523229349560561666, '小炒肉（米饭单点）', 1523221549476327425, 1380.00, '', 'aeabc455-7ac1-413e-8605-e7d664cc7e252.jpg', '原料：猪肉', 1, 0, 1, '2022-06-19 14:24:31', 1, '2022-06-19 14:24:31', 0);
INSERT INTO `dish` VALUES (1523229489490931714, '尖椒鸡（米饭单点）', 1523221549476327425, 1398.00, '', 'c69aed1f-2553-43d4-9e4b-be0166f222752.jpg', '原料：辣椒，鸡肉', 1, 0, 1, '2022-06-19 14:23:02', 1, '2022-06-19 14:23:02', 0);
INSERT INTO `dish` VALUES (1523229659871948801, '回锅肉（米饭单点）', 1523221549476327425, 1388.00, '', 'd5deb5ee-f5d5-4fd9-abe3-339d6f147103d.jpg', '原料：猪肉', 1, 0, 1, '2022-06-19 14:22:43', 1, '2022-06-19 14:22:43', 0);
INSERT INTO `dish` VALUES (1523229839321051137, '鱼香肉丝（米饭单点）', 1523221549476327425, 1398.00, '', 'b262a692-72a8-4b79-871c-6c3ac167b8444.jpg', '原料：胡罗卜、笋、木耳、猪肉', 1, 0, 1, '2022-06-19 14:21:32', 1, '2022-06-19 14:21:32', 0);
INSERT INTO `dish` VALUES (1523230006640226306, '土豆肉丝+米饭', 1523221580623228930, 1500.00, '', 'b260bd1a-660d-473b-8274-476ac2e61a5e1.jpg', '原料：大米、土豆、猪肉', 1, 0, 1, '2022-06-19 14:21:00', 1, '2022-06-19 14:21:00', 0);
INSERT INTO `dish` VALUES (1523230157148631041, '盐煎肉+米饭', 1523221580623228930, 1500.00, '', '5ad601be-80a0-4127-9bbf-1cd1521e76bae.jpg', '原料：大米、猪肉、食盐', 1, 0, 1, '2022-06-19 14:20:48', 1, '2022-06-19 14:20:48', 0);
INSERT INTO `dish` VALUES (1523230305597632513, '回锅肉+米饭', 1523221580623228930, 1500.00, '', '87157560-d49f-4794-8de4-ef1a26a380007.jpg', '原料：大米、猪肉', 1, 0, 1, '2022-06-19 14:20:34', 1, '2022-06-19 14:20:34', 0);
INSERT INTO `dish` VALUES (1523230460363255810, '豆干肉丝+米饭', 1523221580623228930, 1500.00, '', '748e219d-7fe2-4634-9214-b80678b0de25d.jpg', '原料：大米、豆干、猪肉', 1, 0, 1, '2022-06-19 14:15:41', 1, '2022-06-19 14:15:41', 0);
INSERT INTO `dish` VALUES (1523230566508507138, '鱼香肉丝+米饭', 1523221580623228930, 1500.00, '', '74a09de6-58fc-4565-81c5-5c4ddcec8b6fc.jpg', '原料：大米、猪肉', 1, 0, 1, '2022-06-19 14:21:45', 1, '2022-06-19 14:21:45', 0);
INSERT INTO `dish` VALUES (1523230706002669569, '老盐菜炒回锅肉（米饭单点）', 1523221607961702401, 1398.00, '', 'e16bdd95-2dbd-4cc5-b258-7055353bde5a1.jpg', '原料：猪肉', 1, 0, 1, '2022-06-19 14:14:49', 1, '2022-06-19 14:14:49', 0);
INSERT INTO `dish` VALUES (1523230887100133378, '剁椒鲫鱼（米饭单点）', 1523221607961702401, 2198.00, '', '860c01a5-707f-48d8-a451-a8b2078b6b85a.jpg', '原料：鲫鱼', 1, 0, 1, '2022-06-19 14:14:37', 1, '2022-06-19 14:14:37', 0);
INSERT INTO `dish` VALUES (1523231074837180418, '泡椒儿肠（米饭单点）', 1523221607961702401, 1698.00, '', '0086a90b-0a7e-45ec-8c0b-10285d3bffb19.jpg', '原料：猪小肠', 1, 0, 1, '2022-06-19 14:13:31', 1, '2022-06-19 14:13:31', 0);
INSERT INTO `dish` VALUES (1523231271495512066, '干锅鸡+米饭', 1523221632653570050, 1980.00, '', 'e0ebca04-ab15-46d4-acc9-d6b1f9de7a4b2.jpg', '原料：鸡肉', 1, 0, 1, '2022-06-19 14:19:42', 1, '2022-06-19 14:19:42', 0);
INSERT INTO `dish` VALUES (1523231432867164162, '豆花+油碟+米饭', 1523221667613093889, 980.00, '', '168782c6-7bda-4187-958e-bcc118a421456.jpg', '原料：豆腐脑', 1, 0, 1, '2022-06-19 14:11:32', 1, '2022-06-19 14:11:32', 0);
INSERT INTO `dish` VALUES (1523231582276661250, '干烧鲫鱼（不含米饭）', 1523221667613093889, 1898.00, '', '741b54fa-241f-4deb-8cd6-66b6a597e358d.jpg', '原料：鲫鱼', 1, 0, 1, '2022-06-19 14:14:14', 1, '2022-06-19 14:14:14', 0);
INSERT INTO `dish` VALUES (1523231728100028417, '红烧肉（不含米饭）', 1523221667613093889, 1498.00, '', 'd71472dc-d897-4a41-8b77-0c8cd2a0a68cd.jpg', '原料：土豆、猪肉', 1, 0, 1, '2022-06-19 14:18:42', 1, '2022-06-19 14:18:42', 0);
INSERT INTO `dish` VALUES (1523231842168320002, '土豆烧鸡（不含米饭）', 1523221667613093889, 2000.00, '', '14d802e3-8998-4211-9b89-e93b828668f11.jpg', '原料：土豆、鸡肉', 1, 0, 1, '2022-06-19 14:18:20', 1, '2022-06-19 14:18:20', 0);
INSERT INTO `dish` VALUES (1523231978755829761, '农家炒香肠（不含米饭）', 1523221667613093889, 1698.00, '', 'fbdbf963-0901-4a00-be21-6cc937e24c67d.jpg', '原料：香肠', 1, 0, 1, '2022-06-19 14:11:18', 1, '2022-06-19 14:11:18', 0);
INSERT INTO `dish` VALUES (1523232102403911681, '三线莲白（不含米饭）', 1523221667613093889, 1398.00, '', '685f187f-3956-4cc2-b360-2be6b6d9997c4.jpg', '原料：大白菜', 1, 0, 1, '2022-06-19 14:18:03', 1, '2022-06-19 14:18:03', 0);
INSERT INTO `dish` VALUES (1523232185912504321, '紫菜蛋花汤（不含米饭）', 1523221692862803970, 880.00, '', '1e52f26c-82ea-4d1c-b5d8-42ffe2c3a46b4.jpg', '原料：紫菜、鸡蛋', 1, 0, 1, '2022-06-19 14:08:47', 1, '2022-06-19 14:08:47', 0);
INSERT INTO `dish` VALUES (1523232325142425601, '酸菜粉丝汤（不含米饭）', 1523221692862803970, 780.00, '', '06c223e0-3e65-443e-8271-9ffe2357e12b0.jpg', '原料：粉丝、酸菜', 1, 0, 1, '2022-06-19 14:08:17', 1, '2022-06-19 14:08:17', 0);
INSERT INTO `dish` VALUES (1523232409104003074, '肉片汤（不含米饭）', 1523221692862803970, 2200.00, '', '8e920254-d9f5-44de-bef0-1f10254ff30ff.jpg', '原料：猪肉', 1, 0, 1, '2022-06-19 14:08:07', 1, '2022-06-19 14:08:07', 0);
INSERT INTO `dish` VALUES (1523232518197850114, '番茄鸡蛋汤（不含米饭）', 1523221692862803970, 880.00, '', '374ce401-cf55-4764-9bc5-4567477c75a25.jpg', '原料：番茄、 鸡蛋', 1, 0, 1, '2022-06-19 14:05:51', 1, '2022-06-19 14:05:51', 0);
INSERT INTO `dish` VALUES (1523232652012924930, '红烧茄子（不含米饭）', 1523223881484185602, 856.00, '', '21646dbb-dfcc-4027-9895-bca4492ddeae6.jpg', '原料：茄子', 1, 0, 1, '2022-06-19 14:16:27', 1, '2022-06-19 14:16:27', 0);
INSERT INTO `dish` VALUES (1523232750734258177, '炒胡豆（不含米饭）', 1523223881484185602, 788.00, '', 'da315456-20f9-4cef-9438-cd804e74ebeec.jpg', '原料：胡豆', 1, 0, 1, '2022-06-19 14:06:59', 1, '2022-06-19 14:06:59', 0);
INSERT INTO `dish` VALUES (1523232846934814722, '干煸土豆丝（不含米饭）', 1523223881484185602, 1500.00, '', '507e35d9-068f-4161-9bb9-b232dd7ddd2be.jpg', '原料：土豆', 1, 0, 1, '2022-06-19 14:07:10', 1, '2022-06-19 14:07:10', 0);
INSERT INTO `dish` VALUES (1523233237814587394, '红苕稀饭', 1523224111688560641, 168.00, '', '95f1bf72-0e72-4db0-8b83-1802daea52287.jpg', '原料：大米', 1, 0, 1, '2022-06-19 14:07:19', 1, '2022-06-19 14:07:19', 0);
INSERT INTO `dish` VALUES (1523233316415844354, '香肠炒饭', 1523224111688560641, 998.00, '', '9e251dec-834c-4096-b105-b64ce69ed854d.jpg', '原料：大米、香肠', 1, 0, 1, '2022-06-19 14:07:41', 1, '2022-06-19 14:07:41', 0);
INSERT INTO `dish` VALUES (1523233498566078465, '鸡蛋炒饭', 1523224111688560641, 688.00, '', '7129c01e-dcc6-4c7a-9822-bc7c47a663d54.jpg', '原料：大米、鸡蛋', 1, 0, 1, '2022-06-19 14:07:54', 1, '2022-06-19 14:07:54', 0);
INSERT INTO `dish` VALUES (1523233618137296897, '珍珠米饭', 1523224111688560641, 100.00, '', '57234cb1-f2ab-451b-ac11-c0e0002def2b8.jpg', '原料：大米', 1, 0, 1, '2022-06-19 02:47:24', 1, '2022-06-19 02:47:24', 0);
INSERT INTO `dish` VALUES (1523233739667255298, '怡宝', 1523224134312636417, 200.00, '', 'e28e6939-7316-4afc-830d-39bf6b494f825.jpg', '原料：水', 1, 0, 1, '2022-06-19 14:04:00', 1067246875800000001, '2022-08-27 20:25:56', 0);
INSERT INTO `dish` VALUES (1560651286804705282, 'test测试', 1523221549476327425, 1980.00, '', '8dfcf90f-0f8a-4a77-b0e0-433a470af4595.jpg', '测试测试', 1, 0, 1067246875800000001, '2022-08-19 23:33:57', 1067246875800000001, '2022-08-19 23:33:57', 0);

-- ----------------------------
-- Table structure for dish_flavor
-- ----------------------------
DROP TABLE IF EXISTS `dish_flavor`;
CREATE TABLE `dish_flavor`  (
  `id` bigint(0) NOT NULL COMMENT '主键',
  `dish_id` bigint(0) NOT NULL COMMENT '菜品',
  `name` varchar(64) CHARACTER SET utf8 COLLATE utf8_bin NOT NULL COMMENT '口味名称',
  `value` varchar(500) CHARACTER SET utf8 COLLATE utf8_bin NULL DEFAULT NULL COMMENT '口味数据list',
  `creator` bigint(0) NOT NULL COMMENT '创建人',
  `create_date` datetime(0) NOT NULL COMMENT '创建时间',
  `updater` bigint(0) NOT NULL COMMENT '修改人',
  `update_date` datetime(0) NOT NULL COMMENT '更新时间',
  `is_deleted` int(0) NOT NULL DEFAULT 0 COMMENT '是否删除',
  PRIMARY KEY (`id`) USING BTREE
) ENGINE = InnoDB CHARACTER SET = utf8 COLLATE = utf8_bin COMMENT = '菜品口味关系表' ROW_FORMAT = Dynamic;

-- ----------------------------
-- Records of dish_flavor
-- ----------------------------
INSERT INTO `dish_flavor` VALUES (1397849417888346113, 1397849417854791681, '辣度', '[\"不辣\",\"微辣\",\"中辣\",\"重辣\"]', 1, '2021-05-27 09:37:27', 1, '2021-05-27 09:37:27', 0);
INSERT INTO `dish_flavor` VALUES (1397849936421761025, 1397849936404983809, '忌口', '[\"不要葱\",\"不要蒜\",\"不要香菜\",\"不要辣\"]', 1, '2021-05-27 09:39:30', 1, '2021-05-27 09:39:30', 0);
INSERT INTO `dish_flavor` VALUES (1397849936438538241, 1397849936404983809, '辣度', '[\"不辣\",\"微辣\",\"中辣\",\"重辣\"]', 1, '2021-05-27 09:39:30', 1, '2021-05-27 09:39:30', 0);
INSERT INTO `dish_flavor` VALUES (1397850630734262274, 1397850630700707841, '忌口', '[\"不要葱\",\"不要蒜\",\"不要香菜\",\"不要辣\"]', 1, '2021-05-27 09:42:16', 1, '2021-05-27 09:42:16', 0);
INSERT INTO `dish_flavor` VALUES (1397850630755233794, 1397850630700707841, '辣度', '[\"微辣\",\"中辣\",\"重辣\"]', 1, '2021-05-27 09:42:16', 1, '2021-05-27 09:42:16', 0);
INSERT INTO `dish_flavor` VALUES (1397853423486414850, 1397853423461249026, '辣度', '[\"不辣\",\"微辣\",\"中辣\",\"重辣\"]', 1, '2021-05-27 09:53:22', 1, '2021-05-27 09:53:22', 0);
INSERT INTO `dish_flavor` VALUES (1397854133632413697, 1397854133603053569, '温度', '[\"热饮\",\"常温\",\"去冰\",\"少冰\",\"多冰\"]', 1, '2021-05-27 09:56:11', 1, '2021-05-27 09:56:11', 0);
INSERT INTO `dish_flavor` VALUES (1397855742303186946, 1397855742273826817, '辣度', '[\"不辣\",\"微辣\",\"中辣\",\"重辣\"]', 1, '2021-05-27 10:02:35', 1, '2021-05-27 10:02:35', 0);
INSERT INTO `dish_flavor` VALUES (1397855906497605633, 1397855906468245506, '忌口', '[\"不要葱\",\"不要蒜\",\"不要香菜\",\"不要辣\"]', 1, '2021-05-27 10:03:14', 1, '2021-05-27 10:03:14', 0);
INSERT INTO `dish_flavor` VALUES (1397856190573621250, 1397856190540066818, '辣度', '[\"不辣\",\"微辣\",\"中辣\",\"重辣\"]', 1, '2021-05-27 10:04:21', 1, '2021-05-27 10:04:21', 0);
INSERT INTO `dish_flavor` VALUES (1397859056709316609, 1397859056684150785, '辣度', '[\"不辣\",\"微辣\",\"中辣\",\"重辣\"]', 1, '2021-05-27 10:15:45', 1, '2021-05-27 10:15:45', 0);
INSERT INTO `dish_flavor` VALUES (1397859277837217794, 1397859277812051969, '辣度', '[\"不辣\",\"微辣\",\"中辣\",\"重辣\"]', 1, '2021-05-27 10:16:37', 1, '2021-05-27 10:16:37', 0);
INSERT INTO `dish_flavor` VALUES (1397859487502086146, 1397859487476920321, '辣度', '[\"不辣\",\"微辣\",\"中辣\",\"重辣\"]', 1, '2021-05-27 10:17:27', 1, '2021-05-27 10:17:27', 0);
INSERT INTO `dish_flavor` VALUES (1397859757061615618, 1397859757036449794, '甜味', '[\"无糖\",\"少糖\",\"半躺\",\"多糖\",\"全糖\"]', 1, '2021-05-27 10:18:32', 1, '2021-05-27 10:18:32', 0);
INSERT INTO `dish_flavor` VALUES (1397861135754506242, 1397861135733534722, '甜味', '[\"无糖\",\"少糖\",\"半躺\",\"多糖\",\"全糖\"]', 1, '2021-05-27 10:24:00', 1, '2021-05-27 10:24:00', 0);
INSERT INTO `dish_flavor` VALUES (1397861370035744769, 1397861370010578945, '辣度', '[\"不辣\",\"微辣\",\"中辣\",\"重辣\"]', 1, '2021-05-27 10:24:56', 1, '2021-05-27 10:24:56', 0);
INSERT INTO `dish_flavor` VALUES (1397861898467717121, 1397861898438356993, '忌口', '[\"不要葱\",\"不要蒜\",\"不要香菜\",\"不要辣\"]', 1, '2021-05-27 10:27:02', 1, '2021-05-27 10:27:02', 0);
INSERT INTO `dish_flavor` VALUES (1398089545865015297, 1398089545676271617, '温度', '[\"热饮\",\"常温\",\"去冰\",\"少冰\",\"多冰\"]', 1, '2021-05-28 01:31:38', 1, '2021-05-28 01:31:38', 0);
INSERT INTO `dish_flavor` VALUES (1398089782323097601, 1398089782285348866, '辣度', '[\"不辣\",\"微辣\",\"中辣\",\"重辣\"]', 1, '2021-05-28 01:32:34', 1, '2021-05-28 01:32:34', 0);
INSERT INTO `dish_flavor` VALUES (1398090003262255106, 1398090003228700673, '忌口', '[\"不要葱\",\"不要蒜\",\"不要香菜\",\"不要辣\"]', 1, '2021-05-28 01:33:27', 1, '2021-05-28 01:33:27', 0);
INSERT INTO `dish_flavor` VALUES (1398090264554811394, 1398090264517062657, '忌口', '[\"不要葱\",\"不要蒜\",\"不要香菜\",\"不要辣\"]', 1, '2021-05-28 01:34:29', 1, '2021-05-28 01:34:29', 0);
INSERT INTO `dish_flavor` VALUES (1398090455399837698, 1398090455324340225, '辣度', '[\"不辣\",\"微辣\",\"中辣\",\"重辣\"]', 1, '2021-05-28 01:35:14', 1, '2021-05-28 01:35:14', 0);
INSERT INTO `dish_flavor` VALUES (1398090685449023490, 1398090685419663362, '温度', '[\"热饮\",\"常温\",\"去冰\",\"少冰\",\"多冰\"]', 1, '2021-05-28 01:36:09', 1, '2021-05-28 01:36:09', 0);
INSERT INTO `dish_flavor` VALUES (1398090825358422017, 1398090825329061889, '忌口', '[\"不要葱\",\"不要蒜\",\"不要香菜\",\"不要辣\"]', 1, '2021-05-28 01:36:43', 1, '2021-05-28 01:36:43', 0);
INSERT INTO `dish_flavor` VALUES (1398091007051476993, 1398091007017922561, '辣度', '[\"不辣\",\"微辣\",\"中辣\",\"重辣\"]', 1, '2021-05-28 01:37:26', 1, '2021-05-28 01:37:26', 0);
INSERT INTO `dish_flavor` VALUES (1398091296164851713, 1398091296131297281, '辣度', '[\"不辣\",\"微辣\",\"中辣\",\"重辣\"]', 1, '2021-05-28 01:38:35', 1, '2021-05-28 01:38:35', 0);
INSERT INTO `dish_flavor` VALUES (1398091546531246081, 1398091546480914433, '忌口', '[\"不要葱\",\"不要蒜\",\"不要香菜\",\"不要辣\"]', 1, '2021-05-28 01:39:35', 1, '2021-05-28 01:39:35', 0);
INSERT INTO `dish_flavor` VALUES (1398091729809747969, 1398091729788776450, '辣度', '[\"不辣\",\"微辣\",\"中辣\",\"重辣\"]', 1, '2021-05-28 01:40:18', 1, '2021-05-28 01:40:18', 0);
INSERT INTO `dish_flavor` VALUES (1398091889499484161, 1398091889449152513, '辣度', '[\"不辣\",\"微辣\",\"中辣\",\"重辣\"]', 1, '2021-05-28 01:40:56', 1, '2021-05-28 01:40:56', 0);
INSERT INTO `dish_flavor` VALUES (1398092095179763713, 1398092095142014978, '辣度', '[\"不辣\",\"微辣\",\"中辣\",\"重辣\"]', 1, '2021-05-28 01:41:45', 1, '2021-05-28 01:41:45', 0);
INSERT INTO `dish_flavor` VALUES (1398092283877306370, 1398092283847946241, '辣度', '[\"不辣\",\"微辣\",\"中辣\",\"重辣\"]', 1, '2021-05-28 01:42:30', 1, '2021-05-28 01:42:30', 0);
INSERT INTO `dish_flavor` VALUES (1398094018939236354, 1398094018893099009, '辣度', '[\"不辣\",\"微辣\",\"中辣\",\"重辣\"]', 1, '2021-05-28 01:49:24', 1, '2021-05-28 01:49:24', 0);
INSERT INTO `dish_flavor` VALUES (1398094391494094850, 1398094391456346113, '辣度', '[\"不辣\",\"微辣\",\"中辣\",\"重辣\"]', 1, '2021-05-28 01:50:53', 1, '2021-05-28 01:50:53', 0);
INSERT INTO `dish_flavor` VALUES (1399574026165727233, 1399305325713600514, '辣度', '[\"不辣\",\"微辣\",\"中辣\",\"重辣\"]', 1399309715396669441, '2021-06-01 03:50:25', 1399309715396669441, '2021-06-01 03:50:25', 0);
INSERT INTO `dish_flavor` VALUES (1523231271495512067, 1523231271495512066, '辣度', '[\"不辣\",\"微辣\",\"中辣\",\"重辣\"]', 1, '2022-06-19 14:19:42', 1, '2022-06-19 14:19:42', 0);
INSERT INTO `dish_flavor` VALUES (1523231582276661251, 1523231582276661250, '忌口', '[\"不要葱\",\"不要蒜\",\"不要香菜\",\"不要辣\"]', 1, '2022-06-19 14:14:14', 1, '2022-06-19 14:14:14', 0);
INSERT INTO `dish_flavor` VALUES (1560651286834065409, 1560651286804705282, '甜味', '[\"无糖\",\"少糖\",\"半糖\",\"多糖\",\"全糖\"]', 1067246875800000001, '2022-08-19 23:33:57', 1067246875800000001, '2022-08-19 23:33:57', 0);

-- ----------------------------
-- Table structure for order_detail
-- ----------------------------
DROP TABLE IF EXISTS `order_detail`;
CREATE TABLE `order_detail`  (
  `id` bigint(0) NOT NULL COMMENT '主键',
  `name` varchar(50) CHARACTER SET utf8 COLLATE utf8_bin NULL DEFAULT NULL COMMENT '名字',
  `image` varchar(100) CHARACTER SET utf8 COLLATE utf8_bin NULL DEFAULT NULL COMMENT '图片',
  `order_id` bigint(0) NOT NULL COMMENT '订单id',
  `dish_id` bigint(0) NULL DEFAULT NULL COMMENT '菜品id',
  `setmeal_id` bigint(0) NULL DEFAULT NULL COMMENT '套餐id',
  `dish_flavor` varchar(50) CHARACTER SET utf8 COLLATE utf8_bin NULL DEFAULT NULL COMMENT '口味',
  `number` int(0) NOT NULL DEFAULT 1 COMMENT '数量',
  `amount` decimal(10, 2) NOT NULL COMMENT '金额',
  PRIMARY KEY (`id`) USING BTREE
) ENGINE = InnoDB CHARACTER SET = utf8 COLLATE = utf8_bin COMMENT = '订单明细表' ROW_FORMAT = Dynamic;

-- ----------------------------
-- Records of order_detail
-- ----------------------------
INSERT INTO `order_detail` VALUES (1523240610570547202, '干烧鲫鱼（米饭单点）', 'ddd7e969-c7c8-47d8-9e1d-41ff27917b05d.jpg', 1523240610570547201, 1523229046501126146, NULL, NULL, 1, 18.98);
INSERT INTO `order_detail` VALUES (1523240610570547203, '怡宝', '1876018b-fc2c-495a-b57c-f1068d7bbddb5.jpg', 1523240610570547201, 1523233739667255298, NULL, NULL, 1, 2.00);
INSERT INTO `order_detail` VALUES (1523240728761839618, '鱼香肉丝（米饭单点）', '4e3e113f-1417-44ba-bb6b-5a90a5ee2a164.jpg', 1523240728761839617, 1523229839321051137, NULL, NULL, 1, 13.98);
INSERT INTO `order_detail` VALUES (1523240728828948481, '鱼香肉丝+米饭', 'd9db42d2-ca7d-4318-9bab-b5a42ad752f7c.jpg', 1523240728761839617, 1523230566508507138, NULL, NULL, 1, 15.00);
INSERT INTO `order_detail` VALUES (1523240728828948482, '珍珠米饭', 'd8b0b62e-77c4-44fe-a388-10ce0cd529178.jpg', 1523240728761839617, 1523233618137296897, NULL, NULL, 1, 1.00);
INSERT INTO `order_detail` VALUES (1523241046056742914, '干锅鸡+米饭', '5edde75d-5920-41ca-8a82-e0e9c115dc932.jpg', 1523241046056742913, 1523231271495512066, NULL, '中辣', 1, 19.80);
INSERT INTO `order_detail` VALUES (1523241046123851778, '怡宝', '1876018b-fc2c-495a-b57c-f1068d7bbddb5.jpg', 1523241046056742913, 1523233739667255298, NULL, NULL, 1, 2.00);
INSERT INTO `order_detail` VALUES (1523259444958351363, '鱼香肉丝（米饭单点）', '4e3e113f-1417-44ba-bb6b-5a90a5ee2a164.jpg', 1523259444958351362, 1523229839321051137, NULL, NULL, 1, 13.98);
INSERT INTO `order_detail` VALUES (1523259444958351364, '回锅肉（米饭单点）', 'fc03a263-8dc7-46b6-8050-170f97c75c04d.jpg', 1523259444958351362, 1523229659871948801, NULL, NULL, 1, 13.88);
INSERT INTO `order_detail` VALUES (1523259444958351365, '尖椒鸡（米饭单点）', '5d1c0ad9-8c02-4d8a-a8d3-cf6ca7e5d41f8.jpg', 1523259444958351362, 1523229489490931714, NULL, NULL, 1, 13.98);
INSERT INTO `order_detail` VALUES (1523259445025460226, '土豆炒肉丝（米饭单点）', 'd893b249-0c01-402b-b9b3-3e7ba94060540.jpg', 1523259444958351362, 1523227597964685314, NULL, NULL, 1, 13.88);
INSERT INTO `order_detail` VALUES (1523259445025460227, '农家炒腊肉（米饭单点）', 'b0ef9dc4-33e4-4bc7-95af-e502042530086.jpg', 1523259444958351362, 1523227696245616641, NULL, NULL, 1, 16.88);
INSERT INTO `order_detail` VALUES (1523259445025460228, '干烧鲫鱼（米饭单点）', 'ddd7e969-c7c8-47d8-9e1d-41ff27917b05d.jpg', 1523259444958351362, 1523229046501126146, NULL, NULL, 1, 18.98);
INSERT INTO `order_detail` VALUES (1523259445025460229, '三鲜肉炒莲白(米饭单点)', 'ce2734a2-b117-4902-9ee3-ce2c04a8b32f4.jpg', 1523259444958351362, 1523227188311207938, NULL, NULL, 1, 14.88);
INSERT INTO `order_detail` VALUES (1523259445025460230, '小炒肉（米饭单点）', 'c7d5a4ee-184a-4704-ad14-c87519f4869f5.jpg', 1523259444958351362, 1523229349560561666, NULL, NULL, 1, 13.80);
INSERT INTO `order_detail` VALUES (1523259445025460231, '鱼香肉丝+米饭', 'd9db42d2-ca7d-4318-9bab-b5a42ad752f7c.jpg', 1523259444958351362, 1523230566508507138, NULL, NULL, 1, 15.00);
INSERT INTO `order_detail` VALUES (1523259445092569089, '豆干肉丝+米饭', 'ddd5fb39-bdd3-4610-821b-8e24ca939a3bd.jpg', 1523259444958351362, 1523230460363255810, NULL, NULL, 1, 15.00);
INSERT INTO `order_detail` VALUES (1523259445092569090, '回锅肉+米饭', 'af752083-cb27-4e9f-a792-56a9194237497.jpg', 1523259444958351362, 1523230305597632513, NULL, NULL, 1, 15.00);
INSERT INTO `order_detail` VALUES (1523259445092569091, '盐煎肉+米饭', '71f4a5db-91b2-4ecf-aebe-55b66a620e26e.jpg', 1523259444958351362, 1523230157148631041, NULL, NULL, 1, 15.00);
INSERT INTO `order_detail` VALUES (1523259445092569092, '土豆肉丝+米饭', 'ad0dc62a-baec-478d-bc32-6bb2777383611.jpg', 1523259444958351362, 1523230006640226306, NULL, NULL, 1, 15.00);
INSERT INTO `order_detail` VALUES (1523259445092569093, '红苕稀饭', '30e0c632-0bdc-433c-beaa-a643c3348dbf7.jpg', 1523259444958351362, 1523233237814587394, NULL, NULL, 1, 1.68);
INSERT INTO `order_detail` VALUES (1523259445092569094, '香肠炒饭', '32ff517b-9702-4a0e-bb97-f000c9de5e7ad.jpg', 1523259444958351362, 1523233316415844354, NULL, NULL, 1, 9.98);
INSERT INTO `order_detail` VALUES (1523259445092569095, '鸡蛋炒饭', '901179dd-221e-4b01-87b0-0da1eaa628884.jpg', 1523259444958351362, 1523233498566078465, NULL, NULL, 1, 6.88);
INSERT INTO `order_detail` VALUES (1523259445092569096, '珍珠米饭', 'd8b0b62e-77c4-44fe-a388-10ce0cd529178.jpg', 1523259444958351362, 1523233618137296897, NULL, NULL, 1, 1.00);
INSERT INTO `order_detail` VALUES (1523259445159677953, '泡椒儿肠（米饭单点）', '70170fd4-4406-435c-bfba-974bea7d939d9.jpg', 1523259444958351362, 1523231074837180418, NULL, NULL, 1, 16.98);
INSERT INTO `order_detail` VALUES (1523259445159677954, '剁椒鲫鱼（米饭单点）', '267c7045-a85e-45ce-b886-1aec4bac2737a.jpg', 1523259444958351362, 1523230887100133378, NULL, NULL, 1, 21.98);
INSERT INTO `order_detail` VALUES (1523259445159677955, '老盐菜炒回锅肉（米饭单点）', 'a834734f-5a82-4181-96be-ac26507f2b281.jpg', 1523259444958351362, 1523230706002669569, NULL, NULL, 1, 13.98);
INSERT INTO `order_detail` VALUES (1523259445159677956, '干锅鸡+米饭', '5edde75d-5920-41ca-8a82-e0e9c115dc932.jpg', 1523259444958351362, 1523231271495512066, NULL, '重辣', 1, 19.80);
INSERT INTO `order_detail` VALUES (1523259445159677957, '三线莲白（不含米饭）', 'a01d03e1-8aa3-4163-839b-016210874cda4.jpg', 1523259444958351362, 1523232102403911681, NULL, NULL, 1, 13.98);
INSERT INTO `order_detail` VALUES (1523259445159677958, '农家炒香肠（不含米饭）', '2aa1ef5d-77c2-42f3-b0d5-20b9b967c8ebd.jpg', 1523259444958351362, 1523231978755829761, NULL, NULL, 1, 16.98);
INSERT INTO `order_detail` VALUES (1523259445226786817, '土豆烧鸡（不含米饭）', 'fe4280a3-c29b-41fc-9ff7-7397fca347081.jpg', 1523259444958351362, 1523231842168320002, NULL, NULL, 1, 20.00);
INSERT INTO `order_detail` VALUES (1523259445226786818, '红烧肉（不含米饭）', 'f7190400-ba75-49c6-aeea-29f18db8a351d.jpg', 1523259444958351362, 1523231728100028417, NULL, NULL, 1, 14.98);
INSERT INTO `order_detail` VALUES (1523259445226786819, '干烧鲫鱼（不含米饭）', '37d349eb-d711-4e56-b114-6777770b4bd77.jpg', 1523259444958351362, 1523231582276661250, NULL, '不要香菜', 1, 18.98);
INSERT INTO `order_detail` VALUES (1523259445226786820, '豆花+油碟+米饭', 'd712c4f3-dc2b-43cf-87b3-acc3ff912a816.jpg', 1523259444958351362, 1523231432867164162, NULL, NULL, 1, 9.80);
INSERT INTO `order_detail` VALUES (1523259445226786821, '紫菜蛋花汤（不含米饭）', '3523ca61-2490-4d91-ba81-f221edac8c054.jpg', 1523259444958351362, 1523232185912504321, NULL, NULL, 1, 8.80);
INSERT INTO `order_detail` VALUES (1523259445226786822, '酸菜粉丝汤（不含米饭）', '45fc9556-4ca6-4632-9b7d-4672209fea2c0.jpg', 1523259444958351362, 1523232325142425601, NULL, NULL, 1, 7.80);
INSERT INTO `order_detail` VALUES (1523259445226786823, '肉片汤（不含米饭）', '2723d9b5-dd25-4070-95e8-fc1ad55d5f95f.jpg', 1523259444958351362, 1523232409104003074, NULL, NULL, 1, 22.00);
INSERT INTO `order_detail` VALUES (1523259445226786824, '番茄鸡蛋汤（不含米饭）', 'd51efc79-369d-425d-99f4-2cf987194f365.jpg', 1523259444958351362, 1523232518197850114, NULL, NULL, 1, 8.80);
INSERT INTO `order_detail` VALUES (1523259445289701377, '干煸土豆丝（不含米饭）', '6df776fb-608e-444e-bce2-4e5e95512906e.jpg', 1523259444958351362, 1523232846934814722, NULL, NULL, 1, 15.00);
INSERT INTO `order_detail` VALUES (1523259445289701378, '抄胡豆（不含米饭）', 'cc021a91-7828-4d8b-87d8-bc732aaffe99c.jpg', 1523259444958351362, 1523232750734258177, NULL, NULL, 1, 7.88);
INSERT INTO `order_detail` VALUES (1523259445289701379, '红烧茄子（不含米饭）', 'cf56d8c0-e00b-45b8-a894-9882a95614006.jpg', 1523259444958351362, 1523232652012924930, NULL, NULL, 1, 8.56);
INSERT INTO `order_detail` VALUES (1523259445289701380, '农家腊肉+小菜+米饭', '89f455b4-a12a-4a08-8118-379d71a4356ac.jpg', 1523259444958351362, NULL, 1523233943468486658, NULL, 1, 19.98);
INSERT INTO `order_detail` VALUES (1523259445352615937, '农家小炒肉+小菜+米饭', '07105664-b2a2-41a4-a293-ede59fa1716f2.jpg', 1523259444958351362, NULL, 1523234378937905154, NULL, 1, 18.00);
INSERT INTO `order_detail` VALUES (1523259445352615938, '怡宝', '1876018b-fc2c-495a-b57c-f1068d7bbddb5.jpg', 1523259444958351362, 1523233739667255298, NULL, NULL, 1, 2.00);
INSERT INTO `order_detail` VALUES (1523268928233558019, '鱼香肉丝（米饭单点）', '4e3e113f-1417-44ba-bb6b-5a90a5ee2a164.jpg', 1523268928233558018, 1523229839321051137, NULL, NULL, 1, 13.98);
INSERT INTO `order_detail` VALUES (1523268928233558020, '回锅肉（米饭单点）', 'fc03a263-8dc7-46b6-8050-170f97c75c04d.jpg', 1523268928233558018, 1523229659871948801, NULL, NULL, 1, 13.88);
INSERT INTO `order_detail` VALUES (1523268928233558021, '珍珠米饭', 'd8b0b62e-77c4-44fe-a388-10ce0cd529178.jpg', 1523268928233558018, 1523233618137296897, NULL, NULL, 1, 1.00);
INSERT INTO `order_detail` VALUES (1532734391795609603, '剁椒鲫鱼（米饭单点）', '267c7045-a85e-45ce-b886-1aec4bac2737a.jpg', 1532734391795609602, 1523230887100133378, NULL, NULL, 1, 21.98);
INSERT INTO `order_detail` VALUES (1532734391866912770, '土豆炒肉丝（米饭单点）', 'd893b249-0c01-402b-b9b3-3e7ba94060540.jpg', 1532734391795609602, 1523227597964685314, NULL, NULL, 1, 13.88);
INSERT INTO `order_detail` VALUES (1532734701972779010, '剁椒鲫鱼（米饭单点）', '267c7045-a85e-45ce-b886-1aec4bac2737a.jpg', 1532734701972779009, 1523230887100133378, NULL, NULL, 1, 21.98);
INSERT INTO `order_detail` VALUES (1532734702039887874, '土豆炒肉丝（米饭单点）', 'd893b249-0c01-402b-b9b3-3e7ba94060540.jpg', 1532734701972779009, 1523227597964685314, NULL, NULL, 1, 13.88);
INSERT INTO `order_detail` VALUES (1532734995901214722, '剁椒鲫鱼（米饭单点）', '267c7045-a85e-45ce-b886-1aec4bac2737a.jpg', 1532734995901214721, 1523230887100133378, NULL, NULL, 1, 21.98);
INSERT INTO `order_detail` VALUES (1532734995968323586, '土豆炒肉丝（米饭单点）', 'd893b249-0c01-402b-b9b3-3e7ba94060540.jpg', 1532734995901214721, 1523227597964685314, NULL, NULL, 1, 13.88);
INSERT INTO `order_detail` VALUES (1532741742648889347, '剁椒鲫鱼（米饭单点）', '267c7045-a85e-45ce-b886-1aec4bac2737a.jpg', 1532741742648889346, 1523230887100133378, NULL, NULL, 1, 21.98);
INSERT INTO `order_detail` VALUES (1532741742732775425, '土豆炒肉丝（米饭单点）', 'd893b249-0c01-402b-b9b3-3e7ba94060540.jpg', 1532741742648889346, 1523227597964685314, NULL, NULL, 1, 13.88);
INSERT INTO `order_detail` VALUES (1532742063697694722, '鱼香肉丝（米饭单点）', '4e3e113f-1417-44ba-bb6b-5a90a5ee2a164.jpg', 1532742063697694721, 1523229839321051137, NULL, NULL, 1, 13.98);
INSERT INTO `order_detail` VALUES (1532742374550147075, '回锅肉（米饭单点）', 'fc03a263-8dc7-46b6-8050-170f97c75c04d.jpg', 1532742374550147074, 1523229659871948801, NULL, NULL, 1, 13.88);
INSERT INTO `order_detail` VALUES (1532743156737511426, '尖椒鸡（米饭单点）', '5d1c0ad9-8c02-4d8a-a8d3-cf6ca7e5d41f8.jpg', 1532743156737511425, 1523229489490931714, NULL, NULL, 1, 13.98);
INSERT INTO `order_detail` VALUES (1532743409989586946, '尖椒鸡（米饭单点）', '5d1c0ad9-8c02-4d8a-a8d3-cf6ca7e5d41f8.jpg', 1532743409989586945, 1523229489490931714, NULL, NULL, 1, 13.98);
INSERT INTO `order_detail` VALUES (1532743540235309058, '干烧鲫鱼（米饭单点）', 'ddd7e969-c7c8-47d8-9e1d-41ff27917b05d.jpg', 1532743540235309057, 1523229046501126146, NULL, NULL, 1, 18.98);
INSERT INTO `order_detail` VALUES (1532743956096356355, '农家炒腊肉（米饭单点）', 'b0ef9dc4-33e4-4bc7-95af-e502042530086.jpg', 1532743956096356354, 1523227696245616641, NULL, NULL, 1, 16.88);
INSERT INTO `order_detail` VALUES (1532744058890358786, '鱼香肉丝（米饭单点）', '4e3e113f-1417-44ba-bb6b-5a90a5ee2a164.jpg', 1532744058890358785, 1523229839321051137, NULL, NULL, 1, 13.98);
INSERT INTO `order_detail` VALUES (1532745701455302658, '回锅肉（米饭单点）', 'fc03a263-8dc7-46b6-8050-170f97c75c04d.jpg', 1532745701455302657, 1523229659871948801, NULL, NULL, 1, 13.88);
INSERT INTO `order_detail` VALUES (1532746316319297538, '鱼香肉丝（米饭单点）', '4e3e113f-1417-44ba-bb6b-5a90a5ee2a164.jpg', 1532746316319297537, 1523229839321051137, NULL, NULL, 1, 13.98);
INSERT INTO `order_detail` VALUES (1532746741672054787, '鱼香肉丝（米饭单点）', '4e3e113f-1417-44ba-bb6b-5a90a5ee2a164.jpg', 1532746741672054786, 1523229839321051137, NULL, NULL, 1, 13.98);
INSERT INTO `order_detail` VALUES (1532747008584978435, '鱼香肉丝+米饭', 'd9db42d2-ca7d-4318-9bab-b5a42ad752f7c.jpg', 1532747008584978434, 1523230566508507138, NULL, NULL, 1, 15.00);
INSERT INTO `order_detail` VALUES (1532748300740988931, '鱼香肉丝（米饭单点）', '4e3e113f-1417-44ba-bb6b-5a90a5ee2a164.jpg', 1532748300740988930, 1523229839321051137, NULL, NULL, 1, 13.98);
INSERT INTO `order_detail` VALUES (1532748520153419778, '回锅肉（米饭单点）', 'fc03a263-8dc7-46b6-8050-170f97c75c04d.jpg', 1532748520153419777, 1523229659871948801, NULL, NULL, 1, 13.88);
INSERT INTO `order_detail` VALUES (1532748627124948995, '尖椒鸡（米饭单点）', '5d1c0ad9-8c02-4d8a-a8d3-cf6ca7e5d41f8.jpg', 1532748627124948994, 1523229489490931714, NULL, NULL, 1, 13.98);
INSERT INTO `order_detail` VALUES (1532748857765531650, '回锅肉（米饭单点）', 'fc03a263-8dc7-46b6-8050-170f97c75c04d.jpg', 1532748857765531649, 1523229659871948801, NULL, NULL, 1, 13.88);
INSERT INTO `order_detail` VALUES (1532751874095058946, '回锅肉（米饭单点）', 'fc03a263-8dc7-46b6-8050-170f97c75c04d.jpg', 1532751874095058945, 1523229659871948801, NULL, NULL, 1, 13.88);
INSERT INTO `order_detail` VALUES (1532752055003779075, '回锅肉（米饭单点）', 'fc03a263-8dc7-46b6-8050-170f97c75c04d.jpg', 1532752055003779074, 1523229659871948801, NULL, NULL, 1, 13.88);
INSERT INTO `order_detail` VALUES (1532752919785377794, '干烧鲫鱼（米饭单点）', 'ddd7e969-c7c8-47d8-9e1d-41ff27917b05d.jpg', 1532752919785377793, 1523229046501126146, NULL, NULL, 1, 18.98);
INSERT INTO `order_detail` VALUES (1532753123360116738, '干烧鲫鱼（米饭单点）', 'ddd7e969-c7c8-47d8-9e1d-41ff27917b05d.jpg', 1532753123360116737, 1523229046501126146, NULL, NULL, 1, 18.98);
INSERT INTO `order_detail` VALUES (1532753339547127811, '农家炒腊肉（米饭单点）', 'b0ef9dc4-33e4-4bc7-95af-e502042530086.jpg', 1532753339547127810, 1523227696245616641, NULL, NULL, 1, 16.88);
INSERT INTO `order_detail` VALUES (1532754618012930051, '农家炒腊肉（米饭单点）', 'b0ef9dc4-33e4-4bc7-95af-e502042530086.jpg', 1532754618012930050, 1523227696245616641, NULL, NULL, 1, 16.88);
INSERT INTO `order_detail` VALUES (1532755036524777475, '干烧鲫鱼（米饭单点）', 'ddd7e969-c7c8-47d8-9e1d-41ff27917b05d.jpg', 1532755036524777474, 1523229046501126146, NULL, NULL, 1, 18.98);
INSERT INTO `order_detail` VALUES (1532755159321415683, '珍珠米饭', 'd8b0b62e-77c4-44fe-a388-10ce0cd529178.jpg', 1532755159321415682, 1523233618137296897, NULL, NULL, 1, 1.00);
INSERT INTO `order_detail` VALUES (1532755620111847426, '尖椒鸡（米饭单点）', '5d1c0ad9-8c02-4d8a-a8d3-cf6ca7e5d41f8.jpg', 1532755620111847425, 1523229489490931714, NULL, NULL, 1, 13.98);
INSERT INTO `order_detail` VALUES (1532756290630062083, '三鲜肉炒莲白(米饭单点)', 'ce2734a2-b117-4902-9ee3-ce2c04a8b32f4.jpg', 1532756290630062082, 1523227188311207938, NULL, NULL, 1, 14.88);
INSERT INTO `order_detail` VALUES (1532756430782730243, '尖椒鸡（米饭单点）', '5d1c0ad9-8c02-4d8a-a8d3-cf6ca7e5d41f8.jpg', 1532756430782730242, 1523229489490931714, NULL, NULL, 1, 13.98);
INSERT INTO `order_detail` VALUES (1532756733921857538, '尖椒鸡（米饭单点）', '5d1c0ad9-8c02-4d8a-a8d3-cf6ca7e5d41f8.jpg', 1532756733921857537, 1523229489490931714, NULL, NULL, 1, 13.98);
INSERT INTO `order_detail` VALUES (1533018690260422658, '番茄鸡蛋汤（不含米饭）', 'd51efc79-369d-425d-99f4-2cf987194f365.jpg', 1533018690260422657, 1523232518197850114, NULL, NULL, 1, 8.80);
INSERT INTO `order_detail` VALUES (1534422507728183298, '鱼香肉丝（米饭单点）', '4e3e113f-1417-44ba-bb6b-5a90a5ee2a164.jpg', 1534422507728183297, 1523229839321051137, NULL, NULL, 1, 13.98);
INSERT INTO `order_detail` VALUES (1534427171601293314, '鱼香肉丝（米饭单点）', '4e3e113f-1417-44ba-bb6b-5a90a5ee2a164.jpg', 1534427171601293313, 1523229839321051137, NULL, NULL, 1, 13.98);
INSERT INTO `order_detail` VALUES (1534428031479750658, '鱼香肉丝（米饭单点）', '4e3e113f-1417-44ba-bb6b-5a90a5ee2a164.jpg', 1534428031479750657, 1523229839321051137, NULL, NULL, 1, 13.98);
INSERT INTO `order_detail` VALUES (1534428129014095875, '鱼香肉丝（米饭单点）', '4e3e113f-1417-44ba-bb6b-5a90a5ee2a164.jpg', 1534428129014095874, 1523229839321051137, NULL, NULL, 1, 13.98);
INSERT INTO `order_detail` VALUES (1534433684776591363, '回锅肉（米饭单点）', 'fc03a263-8dc7-46b6-8050-170f97c75c04d.jpg', 1534433684776591362, 1523229659871948801, NULL, NULL, 1, 13.88);
INSERT INTO `order_detail` VALUES (1534439444185128962, '干烧鲫鱼（米饭单点）', 'ddd7e969-c7c8-47d8-9e1d-41ff27917b05d.jpg', 1534439444185128961, 1523229046501126146, NULL, NULL, 1, 18.98);
INSERT INTO `order_detail` VALUES (1534439981001515011, '小炒肉（米饭单点）', 'c7d5a4ee-184a-4704-ad14-c87519f4869f5.jpg', 1534439981001515010, 1523229349560561666, NULL, NULL, 1, 13.80);
INSERT INTO `order_detail` VALUES (1534440465791754243, '干烧鲫鱼（米饭单点）', 'ddd7e969-c7c8-47d8-9e1d-41ff27917b05d.jpg', 1534440465791754242, 1523229046501126146, NULL, NULL, 1, 18.98);
INSERT INTO `order_detail` VALUES (1534441761479368706, '小炒肉（米饭单点）', 'c7d5a4ee-184a-4704-ad14-c87519f4869f5.jpg', 1534441761479368705, 1523229349560561666, NULL, NULL, 1, 13.80);
INSERT INTO `order_detail` VALUES (1534442559802220547, '回锅肉（米饭单点）', 'fc03a263-8dc7-46b6-8050-170f97c75c04d.jpg', 1534442559802220546, 1523229659871948801, NULL, NULL, 1, 13.88);
INSERT INTO `order_detail` VALUES (1534442968549728258, '回锅肉（米饭单点）', 'fc03a263-8dc7-46b6-8050-170f97c75c04d.jpg', 1534442968549728257, 1523229659871948801, NULL, NULL, 1, 13.88);
INSERT INTO `order_detail` VALUES (1534443156899143682, '回锅肉（米饭单点）', 'fc03a263-8dc7-46b6-8050-170f97c75c04d.jpg', 1534443156899143681, 1523229659871948801, NULL, NULL, 1, 13.88);
INSERT INTO `order_detail` VALUES (1534443861672239107, '回锅肉（米饭单点）', 'fc03a263-8dc7-46b6-8050-170f97c75c04d.jpg', 1534443861672239106, 1523229659871948801, NULL, NULL, 1, 13.88);
INSERT INTO `order_detail` VALUES (1534444813129129986, '尖椒鸡（米饭单点）', '5d1c0ad9-8c02-4d8a-a8d3-cf6ca7e5d41f8.jpg', 1534444813129129985, 1523229489490931714, NULL, NULL, 1, 13.98);
INSERT INTO `order_detail` VALUES (1534444867759939587, '鱼香肉丝（米饭单点）', '4e3e113f-1417-44ba-bb6b-5a90a5ee2a164.jpg', 1534444867759939586, 1523229839321051137, NULL, NULL, 1, 13.98);
INSERT INTO `order_detail` VALUES (1534447397759918082, '鱼香肉丝（米饭单点）', '4e3e113f-1417-44ba-bb6b-5a90a5ee2a164.jpg', 1534447397759918081, 1523229839321051137, NULL, NULL, 1, 13.98);
INSERT INTO `order_detail` VALUES (1534540261848289281, '三鲜肉炒莲白(米饭单点)', 'ce2734a2-b117-4902-9ee3-ce2c04a8b32f4.jpg', 1534540261781180418, 1523227188311207938, NULL, NULL, 1, 14.88);
INSERT INTO `order_detail` VALUES (1534540261848289282, '土豆炒肉丝（米饭单点）', 'd893b249-0c01-402b-b9b3-3e7ba94060540.jpg', 1534540261781180418, 1523227597964685314, NULL, NULL, 1, 13.88);
INSERT INTO `order_detail` VALUES (1534540261915398146, '农家炒腊肉（米饭单点）', 'b0ef9dc4-33e4-4bc7-95af-e502042530086.jpg', 1534540261781180418, 1523227696245616641, NULL, NULL, 1, 16.88);
INSERT INTO `order_detail` VALUES (1534540261978312705, '干烧鲫鱼（米饭单点）', 'ddd7e969-c7c8-47d8-9e1d-41ff27917b05d.jpg', 1534540261781180418, 1523229046501126146, NULL, NULL, 1, 18.98);
INSERT INTO `order_detail` VALUES (1534540261978312706, '小炒肉（米饭单点）', 'c7d5a4ee-184a-4704-ad14-c87519f4869f5.jpg', 1534540261781180418, 1523229349560561666, NULL, NULL, 1, 13.80);
INSERT INTO `order_detail` VALUES (1534540262045421570, '尖椒鸡（米饭单点）', '5d1c0ad9-8c02-4d8a-a8d3-cf6ca7e5d41f8.jpg', 1534540261781180418, 1523229489490931714, NULL, NULL, 1, 13.98);
INSERT INTO `order_detail` VALUES (1534550169318625283, '三鲜肉炒莲白(米饭单点)', 'ce2734a2-b117-4902-9ee3-ce2c04a8b32f4.jpg', 1534550169318625282, 1523227188311207938, NULL, NULL, 1, 14.88);
INSERT INTO `order_detail` VALUES (1537070507386572803, '干锅鸡+米饭', '5edde75d-5920-41ca-8a82-e0e9c115dc932.jpg', 1537070507386572802, 1523231271495512066, NULL, '中辣', 1, 19.80);
INSERT INTO `order_detail` VALUES (1537073494423080962, '回锅肉（米饭单点）', 'fc03a263-8dc7-46b6-8050-170f97c75c04d.jpg', 1537073494423080961, 1523229659871948801, NULL, NULL, 1, 13.88);
INSERT INTO `order_detail` VALUES (1537425385338302467, '尖椒鸡（米饭单点）', '5d1c0ad9-8c02-4d8a-a8d3-cf6ca7e5d41f8.jpg', 1537425385338302466, 1523229489490931714, NULL, NULL, 1, 13.98);
INSERT INTO `order_detail` VALUES (1537437144915562498, '回锅肉（米饭单点）', 'fc03a263-8dc7-46b6-8050-170f97c75c04d.jpg', 1537437144793927682, 1523229659871948801, NULL, NULL, 1, 13.88);
INSERT INTO `order_detail` VALUES (1537440995325530114, '回锅肉（米饭单点）', 'fc03a263-8dc7-46b6-8050-170f97c75c04d.jpg', 1537440843655303169, 1523229659871948801, NULL, NULL, 1, 13.88);
INSERT INTO `order_detail` VALUES (1537441399165800450, '尖椒鸡（米饭单点）', '5d1c0ad9-8c02-4d8a-a8d3-cf6ca7e5d41f8.jpg', 1537441184262246401, 1523229489490931714, NULL, NULL, 1, 13.98);
INSERT INTO `order_detail` VALUES (1537441815868698626, '回锅肉（米饭单点）', 'fc03a263-8dc7-46b6-8050-170f97c75c04d.jpg', 1537441815801589762, 1523229659871948801, NULL, NULL, 1, 13.88);
INSERT INTO `order_detail` VALUES (1537445655628181505, '鱼香肉丝（米饭单点）', '4e3e113f-1417-44ba-bb6b-5a90a5ee2a164.jpg', 1537445655561072641, 1523229839321051137, NULL, NULL, 1, 13.98);
INSERT INTO `order_detail` VALUES (1537445655628181506, '回锅肉（米饭单点）', 'fc03a263-8dc7-46b6-8050-170f97c75c04d.jpg', 1537445655561072641, 1523229659871948801, NULL, NULL, 1, 13.88);
INSERT INTO `order_detail` VALUES (1537449042272808961, '干锅鸡+米饭', '5edde75d-5920-41ca-8a82-e0e9c115dc932.jpg', 1537449042205700097, 1523231271495512066, NULL, '中辣', 1, 19.80);
INSERT INTO `order_detail` VALUES (1537449456963645441, '剁椒鲫鱼（米饭单点）', '267c7045-a85e-45ce-b886-1aec4bac2737a.jpg', 1537449456900730882, 1523230887100133378, NULL, NULL, 1, 21.98);
INSERT INTO `order_detail` VALUES (1537450226027032579, '鱼香肉丝（米饭单点）', '4e3e113f-1417-44ba-bb6b-5a90a5ee2a164.jpg', 1537450226027032578, 1523229839321051137, NULL, NULL, 1, 13.98);
INSERT INTO `order_detail` VALUES (1537450490855387138, '农家炒腊肉（米饭单点）', 'b0ef9dc4-33e4-4bc7-95af-e502042530086.jpg', 1537450490792472578, 1523227696245616641, NULL, NULL, 1, 16.88);
INSERT INTO `order_detail` VALUES (1537450635143639041, '三鲜肉炒莲白(米饭单点)', 'ce2734a2-b117-4902-9ee3-ce2c04a8b32f4.jpg', 1537450635076530178, 1523227188311207938, NULL, NULL, 1, 14.88);
INSERT INTO `order_detail` VALUES (1537451006213713921, '泡椒儿肠（米饭单点）', '70170fd4-4406-435c-bfba-974bea7d939d9.jpg', 1537451006146605057, 1523231074837180418, NULL, NULL, 1, 16.98);
INSERT INTO `order_detail` VALUES (1537472494648127490, '怡宝', '1876018b-fc2c-495a-b57c-f1068d7bbddb5.jpg', 1537472494581018625, 1523233739667255298, NULL, NULL, 1, 2.00);
INSERT INTO `order_detail` VALUES (1537473389452554242, '鱼香肉丝+米饭', 'd9db42d2-ca7d-4318-9bab-b5a42ad752f7c.jpg', 1537473389385445377, 1523230566508507138, NULL, NULL, 1, 15.00);
INSERT INTO `order_detail` VALUES (1538138708853673986, '鱼香肉丝（米饭单点）', '4e3e113f-1417-44ba-bb6b-5a90a5ee2a164.jpg', 1538138708723650562, 1523229839321051137, NULL, NULL, 1, 13.98);
INSERT INTO `order_detail` VALUES (1538419328318210049, '干烧鲫鱼（不含米饭）', '741b54fa-241f-4deb-8cd6-66b6a597e358d.jpg', 1538419328255295490, 1523231582276661250, NULL, '不要蒜', 1, 18.98);
INSERT INTO `order_detail` VALUES (1563504118180442113, '怡宝', '9d8a87f6-b05a-41d0-a7af-961c0e3e66f35.jpg', 1563504118146887682, 1523233739667255298, NULL, NULL, 3, 2.00);

-- ----------------------------
-- Table structure for orders
-- ----------------------------
DROP TABLE IF EXISTS `orders`;
CREATE TABLE `orders`  (
  `id` bigint(0) NOT NULL COMMENT '主键',
  `number` varchar(50) CHARACTER SET utf8 COLLATE utf8_bin NULL DEFAULT NULL COMMENT '订单号',
  `status` int(0) NOT NULL DEFAULT 1 COMMENT '订单状态 1待付款，2待派送，3已派送，4已完成，5已取消',
  `user_id` bigint(0) NOT NULL COMMENT '下单用户',
  `address_book_id` bigint(0) NOT NULL COMMENT '地址id',
  `order_time` datetime(0) NOT NULL COMMENT '下单时间',
  `checkout_time` datetime(0) NOT NULL COMMENT '结账时间',
  `pay_method` int(0) NOT NULL DEFAULT 1 COMMENT '支付方式 1微信,2支付宝',
  `amount` decimal(10, 2) NOT NULL COMMENT '实收金额',
  `remark` varchar(100) CHARACTER SET utf8 COLLATE utf8_bin NULL DEFAULT NULL COMMENT '备注',
  `phone` varchar(255) CHARACTER SET utf8 COLLATE utf8_bin NULL DEFAULT NULL,
  `address` varchar(255) CHARACTER SET utf8 COLLATE utf8_bin NULL DEFAULT NULL,
  `user_name` varchar(255) CHARACTER SET utf8 COLLATE utf8_bin NULL DEFAULT NULL,
  `consignee` varchar(255) CHARACTER SET utf8 COLLATE utf8_bin NULL DEFAULT NULL,
  PRIMARY KEY (`id`) USING BTREE
) ENGINE = InnoDB CHARACTER SET = utf8 COLLATE = utf8_bin COMMENT = '订单表' ROW_FORMAT = Dynamic;


-- ----------------------------
-- Table structure for qrtz_blob_triggers
-- ----------------------------
DROP TABLE IF EXISTS `qrtz_blob_triggers`;
CREATE TABLE `qrtz_blob_triggers`  (
  `SCHED_NAME` varchar(120) CHARACTER SET utf8 COLLATE utf8_general_ci NOT NULL,
  `TRIGGER_NAME` varchar(200) CHARACTER SET utf8 COLLATE utf8_general_ci NOT NULL,
  `TRIGGER_GROUP` varchar(200) CHARACTER SET utf8 COLLATE utf8_general_ci NOT NULL,
  `BLOB_DATA` blob NULL,
  PRIMARY KEY (`SCHED_NAME`, `TRIGGER_NAME`, `TRIGGER_GROUP`) USING BTREE,
  INDEX `SCHED_NAME`(`SCHED_NAME`, `TRIGGER_NAME`, `TRIGGER_GROUP`) USING BTREE,
  CONSTRAINT `qrtz_blob_triggers_ibfk_1` FOREIGN KEY (`SCHED_NAME`, `TRIGGER_NAME`, `TRIGGER_GROUP`) REFERENCES `qrtz_triggers` (`SCHED_NAME`, `TRIGGER_NAME`, `TRIGGER_GROUP`) ON DELETE RESTRICT ON UPDATE RESTRICT
) ENGINE = InnoDB CHARACTER SET = utf8 COLLATE = utf8_general_ci ROW_FORMAT = Dynamic;

-- ----------------------------
-- Records of qrtz_blob_triggers
-- ----------------------------

-- ----------------------------
-- Table structure for qrtz_calendars
-- ----------------------------
DROP TABLE IF EXISTS `qrtz_calendars`;
CREATE TABLE `qrtz_calendars`  (
  `SCHED_NAME` varchar(120) CHARACTER SET utf8 COLLATE utf8_general_ci NOT NULL,
  `CALENDAR_NAME` varchar(200) CHARACTER SET utf8 COLLATE utf8_general_ci NOT NULL,
  `CALENDAR` blob NOT NULL,
  PRIMARY KEY (`SCHED_NAME`, `CALENDAR_NAME`) USING BTREE
) ENGINE = InnoDB CHARACTER SET = utf8 COLLATE = utf8_general_ci ROW_FORMAT = Dynamic;

-- ----------------------------
-- Records of qrtz_calendars
-- ----------------------------

-- ----------------------------
-- Table structure for qrtz_cron_triggers
-- ----------------------------
DROP TABLE IF EXISTS `qrtz_cron_triggers`;
CREATE TABLE `qrtz_cron_triggers`  (
  `SCHED_NAME` varchar(120) CHARACTER SET utf8 COLLATE utf8_general_ci NOT NULL,
  `TRIGGER_NAME` varchar(200) CHARACTER SET utf8 COLLATE utf8_general_ci NOT NULL,
  `TRIGGER_GROUP` varchar(200) CHARACTER SET utf8 COLLATE utf8_general_ci NOT NULL,
  `CRON_EXPRESSION` varchar(120) CHARACTER SET utf8 COLLATE utf8_general_ci NOT NULL,
  `TIME_ZONE_ID` varchar(80) CHARACTER SET utf8 COLLATE utf8_general_ci NULL DEFAULT NULL,
  PRIMARY KEY (`SCHED_NAME`, `TRIGGER_NAME`, `TRIGGER_GROUP`) USING BTREE,
  CONSTRAINT `qrtz_cron_triggers_ibfk_1` FOREIGN KEY (`SCHED_NAME`, `TRIGGER_NAME`, `TRIGGER_GROUP`) REFERENCES `qrtz_triggers` (`SCHED_NAME`, `TRIGGER_NAME`, `TRIGGER_GROUP`) ON DELETE RESTRICT ON UPDATE RESTRICT
) ENGINE = InnoDB CHARACTER SET = utf8 COLLATE = utf8_general_ci ROW_FORMAT = Dynamic;

-- ----------------------------
-- Records of qrtz_cron_triggers
-- ----------------------------
INSERT INTO `qrtz_cron_triggers` VALUES ('RenrenScheduler', 'TASK_1067246875800000076', 'DEFAULT', '0 0/30 * * * ?', 'Asia/Shanghai');
INSERT INTO `qrtz_cron_triggers` VALUES ('RenrenScheduler', 'TASK_1563501805931868161', 'DEFAULT', '0 0/30 * * * ?', 'Asia/Shanghai');

-- ----------------------------
-- Table structure for qrtz_fired_triggers
-- ----------------------------
DROP TABLE IF EXISTS `qrtz_fired_triggers`;
CREATE TABLE `qrtz_fired_triggers`  (
  `SCHED_NAME` varchar(120) CHARACTER SET utf8 COLLATE utf8_general_ci NOT NULL,
  `ENTRY_ID` varchar(95) CHARACTER SET utf8 COLLATE utf8_general_ci NOT NULL,
  `TRIGGER_NAME` varchar(200) CHARACTER SET utf8 COLLATE utf8_general_ci NOT NULL,
  `TRIGGER_GROUP` varchar(200) CHARACTER SET utf8 COLLATE utf8_general_ci NOT NULL,
  `INSTANCE_NAME` varchar(200) CHARACTER SET utf8 COLLATE utf8_general_ci NOT NULL,
  `FIRED_TIME` bigint(0) NOT NULL,
  `SCHED_TIME` bigint(0) NOT NULL,
  `PRIORITY` int(0) NOT NULL,
  `STATE` varchar(16) CHARACTER SET utf8 COLLATE utf8_general_ci NOT NULL,
  `JOB_NAME` varchar(200) CHARACTER SET utf8 COLLATE utf8_general_ci NULL DEFAULT NULL,
  `JOB_GROUP` varchar(200) CHARACTER SET utf8 COLLATE utf8_general_ci NULL DEFAULT NULL,
  `IS_NONCONCURRENT` varchar(1) CHARACTER SET utf8 COLLATE utf8_general_ci NULL DEFAULT NULL,
  `REQUESTS_RECOVERY` varchar(1) CHARACTER SET utf8 COLLATE utf8_general_ci NULL DEFAULT NULL,
  PRIMARY KEY (`SCHED_NAME`, `ENTRY_ID`) USING BTREE,
  INDEX `IDX_QRTZ_FT_TRIG_INST_NAME`(`SCHED_NAME`, `INSTANCE_NAME`) USING BTREE,
  INDEX `IDX_QRTZ_FT_INST_JOB_REQ_RCVRY`(`SCHED_NAME`, `INSTANCE_NAME`, `REQUESTS_RECOVERY`) USING BTREE,
  INDEX `IDX_QRTZ_FT_J_G`(`SCHED_NAME`, `JOB_NAME`, `JOB_GROUP`) USING BTREE,
  INDEX `IDX_QRTZ_FT_JG`(`SCHED_NAME`, `JOB_GROUP`) USING BTREE,
  INDEX `IDX_QRTZ_FT_T_G`(`SCHED_NAME`, `TRIGGER_NAME`, `TRIGGER_GROUP`) USING BTREE,
  INDEX `IDX_QRTZ_FT_TG`(`SCHED_NAME`, `TRIGGER_GROUP`) USING BTREE
) ENGINE = InnoDB CHARACTER SET = utf8 COLLATE = utf8_general_ci ROW_FORMAT = Dynamic;

-- ----------------------------
-- Records of qrtz_fired_triggers
-- ----------------------------

-- ----------------------------
-- Table structure for qrtz_job_details
-- ----------------------------
DROP TABLE IF EXISTS `qrtz_job_details`;
CREATE TABLE `qrtz_job_details`  (
  `SCHED_NAME` varchar(120) CHARACTER SET utf8 COLLATE utf8_general_ci NOT NULL,
  `JOB_NAME` varchar(200) CHARACTER SET utf8 COLLATE utf8_general_ci NOT NULL,
  `JOB_GROUP` varchar(200) CHARACTER SET utf8 COLLATE utf8_general_ci NOT NULL,
  `DESCRIPTION` varchar(250) CHARACTER SET utf8 COLLATE utf8_general_ci NULL DEFAULT NULL,
  `JOB_CLASS_NAME` varchar(250) CHARACTER SET utf8 COLLATE utf8_general_ci NOT NULL,
  `IS_DURABLE` varchar(1) CHARACTER SET utf8 COLLATE utf8_general_ci NOT NULL,
  `IS_NONCONCURRENT` varchar(1) CHARACTER SET utf8 COLLATE utf8_general_ci NOT NULL,
  `IS_UPDATE_DATA` varchar(1) CHARACTER SET utf8 COLLATE utf8_general_ci NOT NULL,
  `REQUESTS_RECOVERY` varchar(1) CHARACTER SET utf8 COLLATE utf8_general_ci NOT NULL,
  `JOB_DATA` blob NULL,
  PRIMARY KEY (`SCHED_NAME`, `JOB_NAME`, `JOB_GROUP`) USING BTREE,
  INDEX `IDX_QRTZ_J_REQ_RECOVERY`(`SCHED_NAME`, `REQUESTS_RECOVERY`) USING BTREE,
  INDEX `IDX_QRTZ_J_GRP`(`SCHED_NAME`, `JOB_GROUP`) USING BTREE
) ENGINE = InnoDB CHARACTER SET = utf8 COLLATE = utf8_general_ci ROW_FORMAT = Dynamic;

-- ----------------------------
-- Records of qrtz_job_details
-- ----------------------------
INSERT INTO `qrtz_job_details` VALUES ('RenrenScheduler', 'TASK_1067246875800000076', 'DEFAULT', NULL, 'io.renren.modules.job.utils.ScheduleJob', '0', '0', '0', '0', 0xACED0005737200156F72672E71756172747A2E4A6F62446174614D61709FB083E8BFA9B0CB020000787200266F72672E71756172747A2E7574696C732E537472696E674B65794469727479466C61674D61708208E8C3FBC55D280200015A0013616C6C6F77735472616E7369656E74446174617872001D6F72672E71756172747A2E7574696C732E4469727479466C61674D617013E62EAD28760ACE0200025A000564697274794C00036D617074000F4C6A6176612F7574696C2F4D61703B787001737200116A6176612E7574696C2E486173684D61700507DAC1C31660D103000246000A6C6F6164466163746F724900097468726573686F6C6478703F4000000000000C7708000000100000000174000D4A4F425F504152414D5F4B45597372002E696F2E72656E72656E2E6D6F64756C65732E6A6F622E656E746974792E5363686564756C654A6F62456E7469747900000000000000010200074C00086265616E4E616D657400124C6A6176612F6C616E672F537472696E673B4C000E63726F6E45787072657373696F6E71007E00094C0006706172616D7371007E00094C000672656D61726B71007E00094C00067374617475737400134C6A6176612F6C616E672F496E74656765723B4C000A757064617465446174657400104C6A6176612F7574696C2F446174653B4C0007757064617465727400104C6A6176612F6C616E672F4C6F6E673B78720022696F2E72656E72656E2E636F6D6D6F6E2E656E746974792E42617365456E74697479FB83923222FF87B90200034C000A6372656174654461746571007E000B4C000763726561746F7271007E000C4C0002696471007E000C78707372000E6A6176612E7574696C2E44617465686A81014B5974190300007870770800000182AAA279D8787372000E6A6176612E6C616E672E4C6F6E673B8BE490CC8F23DF0200014A000576616C7565787200106A6176612E6C616E672E4E756D62657286AC951D0B94E08B02000078700ECF9F6107B456017371007E00110ECF9F6107B4564C740008746573745461736B74000E3020302F3330202A202A202A203F74000672656E72656E740025E69C89E58F82E6B58BE8AF95EFBC8CE5A49AE4B8AAE58F82E695B0E4BDBFE794A86A736F6E737200116A6176612E6C616E672E496E746567657212E2A0A4F781873802000149000576616C75657871007E0012000000007371007E000F770800000182AAA279D8787371007E00110ECF9F6107B456017800);
INSERT INTO `qrtz_job_details` VALUES ('RenrenScheduler', 'TASK_1563501805931868161', 'DEFAULT', NULL, 'io.renren.modules.job.utils.ScheduleJob', '0', '0', '0', '0', 0xACED0005737200156F72672E71756172747A2E4A6F62446174614D61709FB083E8BFA9B0CB020000787200266F72672E71756172747A2E7574696C732E537472696E674B65794469727479466C61674D61708208E8C3FBC55D280200015A0013616C6C6F77735472616E7369656E74446174617872001D6F72672E71756172747A2E7574696C732E4469727479466C61674D617013E62EAD28760ACE0200025A000564697274794C00036D617074000F4C6A6176612F7574696C2F4D61703B787001737200116A6176612E7574696C2E486173684D61700507DAC1C31660D103000246000A6C6F6164466163746F724900097468726573686F6C6478703F4000000000000C7708000000100000000174000D4A4F425F504152414D5F4B45597372002E696F2E72656E72656E2E6D6F64756C65732E6A6F622E656E746974792E5363686564756C654A6F62456E7469747900000000000000010200074C00086265616E4E616D657400124C6A6176612F6C616E672F537472696E673B4C000E63726F6E45787072657373696F6E71007E00094C0006706172616D7371007E00094C000672656D61726B71007E00094C00067374617475737400134C6A6176612F6C616E672F496E74656765723B4C000A757064617465446174657400104C6A6176612F7574696C2F446174653B4C0007757064617465727400104C6A6176612F6C616E672F4C6F6E673B78720022696F2E72656E72656E2E636F6D6D6F6E2E656E746974792E42617365456E74697479FB83923222FF87B90200034C000A6372656174654461746571007E000B4C000763726561746F7271007E000C4C0002696471007E000C78707372000E6A6176612E7574696C2E44617465686A81014B5974190300007870770800000182DF3F7313787372000E6A6176612E6C616E672E4C6F6E673B8BE490CC8F23DF0200014A000576616C7565787200106A6176612E6C616E672E4E756D62657286AC951D0B94E08B02000078700ECF9F6107B456017371007E001115B2AC9BD4403001740011636C65616E5570496D616765735461736B74000F302F35202A202A202A202A203F202A74000074001EE5AE9AE697B6E6B885E79086E59E83E59CBEE59BBEE78987E4BBBBE58AA1737200116A6176612E6C616E672E496E746567657212E2A0A4F781873802000149000576616C75657871007E00120000000171007E001071007E00137800);

-- ----------------------------
-- Table structure for qrtz_locks
-- ----------------------------
DROP TABLE IF EXISTS `qrtz_locks`;
CREATE TABLE `qrtz_locks`  (
  `SCHED_NAME` varchar(120) CHARACTER SET utf8 COLLATE utf8_general_ci NOT NULL,
  `LOCK_NAME` varchar(40) CHARACTER SET utf8 COLLATE utf8_general_ci NOT NULL,
  PRIMARY KEY (`SCHED_NAME`, `LOCK_NAME`) USING BTREE
) ENGINE = InnoDB CHARACTER SET = utf8 COLLATE = utf8_general_ci ROW_FORMAT = Dynamic;

-- ----------------------------
-- Records of qrtz_locks
-- ----------------------------
INSERT INTO `qrtz_locks` VALUES ('RenrenScheduler', 'STATE_ACCESS');
INSERT INTO `qrtz_locks` VALUES ('RenrenScheduler', 'TRIGGER_ACCESS');

-- ----------------------------
-- Table structure for qrtz_paused_trigger_grps
-- ----------------------------
DROP TABLE IF EXISTS `qrtz_paused_trigger_grps`;
CREATE TABLE `qrtz_paused_trigger_grps`  (
  `SCHED_NAME` varchar(120) CHARACTER SET utf8 COLLATE utf8_general_ci NOT NULL,
  `TRIGGER_GROUP` varchar(200) CHARACTER SET utf8 COLLATE utf8_general_ci NOT NULL,
  PRIMARY KEY (`SCHED_NAME`, `TRIGGER_GROUP`) USING BTREE
) ENGINE = InnoDB CHARACTER SET = utf8 COLLATE = utf8_general_ci ROW_FORMAT = Dynamic;

-- ----------------------------
-- Records of qrtz_paused_trigger_grps
-- ----------------------------

-- ----------------------------
-- Table structure for qrtz_scheduler_state
-- ----------------------------
DROP TABLE IF EXISTS `qrtz_scheduler_state`;
CREATE TABLE `qrtz_scheduler_state`  (
  `SCHED_NAME` varchar(120) CHARACTER SET utf8 COLLATE utf8_general_ci NOT NULL,
  `INSTANCE_NAME` varchar(200) CHARACTER SET utf8 COLLATE utf8_general_ci NOT NULL,
  `LAST_CHECKIN_TIME` bigint(0) NOT NULL,
  `CHECKIN_INTERVAL` bigint(0) NOT NULL,
  PRIMARY KEY (`SCHED_NAME`, `INSTANCE_NAME`) USING BTREE
) ENGINE = InnoDB CHARACTER SET = utf8 COLLATE = utf8_general_ci ROW_FORMAT = Dynamic;

-- ----------------------------
-- Records of qrtz_scheduler_state
-- ----------------------------
INSERT INTO `qrtz_scheduler_state` VALUES ('RenrenScheduler', 'LAPTOP-1SPIJ5591661672946077', 1661673203258, 15000);

-- ----------------------------
-- Table structure for qrtz_simple_triggers
-- ----------------------------
DROP TABLE IF EXISTS `qrtz_simple_triggers`;
CREATE TABLE `qrtz_simple_triggers`  (
  `SCHED_NAME` varchar(120) CHARACTER SET utf8 COLLATE utf8_general_ci NOT NULL,
  `TRIGGER_NAME` varchar(200) CHARACTER SET utf8 COLLATE utf8_general_ci NOT NULL,
  `TRIGGER_GROUP` varchar(200) CHARACTER SET utf8 COLLATE utf8_general_ci NOT NULL,
  `REPEAT_COUNT` bigint(0) NOT NULL,
  `REPEAT_INTERVAL` bigint(0) NOT NULL,
  `TIMES_TRIGGERED` bigint(0) NOT NULL,
  PRIMARY KEY (`SCHED_NAME`, `TRIGGER_NAME`, `TRIGGER_GROUP`) USING BTREE,
  CONSTRAINT `qrtz_simple_triggers_ibfk_1` FOREIGN KEY (`SCHED_NAME`, `TRIGGER_NAME`, `TRIGGER_GROUP`) REFERENCES `qrtz_triggers` (`SCHED_NAME`, `TRIGGER_NAME`, `TRIGGER_GROUP`) ON DELETE RESTRICT ON UPDATE RESTRICT
) ENGINE = InnoDB CHARACTER SET = utf8 COLLATE = utf8_general_ci ROW_FORMAT = Dynamic;

-- ----------------------------
-- Records of qrtz_simple_triggers
-- ----------------------------

-- ----------------------------
-- Table structure for qrtz_simprop_triggers
-- ----------------------------
DROP TABLE IF EXISTS `qrtz_simprop_triggers`;
CREATE TABLE `qrtz_simprop_triggers`  (
  `SCHED_NAME` varchar(120) CHARACTER SET utf8 COLLATE utf8_general_ci NOT NULL,
  `TRIGGER_NAME` varchar(200) CHARACTER SET utf8 COLLATE utf8_general_ci NOT NULL,
  `TRIGGER_GROUP` varchar(200) CHARACTER SET utf8 COLLATE utf8_general_ci NOT NULL,
  `STR_PROP_1` varchar(512) CHARACTER SET utf8 COLLATE utf8_general_ci NULL DEFAULT NULL,
  `STR_PROP_2` varchar(512) CHARACTER SET utf8 COLLATE utf8_general_ci NULL DEFAULT NULL,
  `STR_PROP_3` varchar(512) CHARACTER SET utf8 COLLATE utf8_general_ci NULL DEFAULT NULL,
  `INT_PROP_1` int(0) NULL DEFAULT NULL,
  `INT_PROP_2` int(0) NULL DEFAULT NULL,
  `LONG_PROP_1` bigint(0) NULL DEFAULT NULL,
  `LONG_PROP_2` bigint(0) NULL DEFAULT NULL,
  `DEC_PROP_1` decimal(13, 4) NULL DEFAULT NULL,
  `DEC_PROP_2` decimal(13, 4) NULL DEFAULT NULL,
  `BOOL_PROP_1` varchar(1) CHARACTER SET utf8 COLLATE utf8_general_ci NULL DEFAULT NULL,
  `BOOL_PROP_2` varchar(1) CHARACTER SET utf8 COLLATE utf8_general_ci NULL DEFAULT NULL,
  PRIMARY KEY (`SCHED_NAME`, `TRIGGER_NAME`, `TRIGGER_GROUP`) USING BTREE,
  CONSTRAINT `qrtz_simprop_triggers_ibfk_1` FOREIGN KEY (`SCHED_NAME`, `TRIGGER_NAME`, `TRIGGER_GROUP`) REFERENCES `qrtz_triggers` (`SCHED_NAME`, `TRIGGER_NAME`, `TRIGGER_GROUP`) ON DELETE RESTRICT ON UPDATE RESTRICT
) ENGINE = InnoDB CHARACTER SET = utf8 COLLATE = utf8_general_ci ROW_FORMAT = Dynamic;

-- ----------------------------
-- Records of qrtz_simprop_triggers
-- ----------------------------

-- ----------------------------
-- Table structure for qrtz_triggers
-- ----------------------------
DROP TABLE IF EXISTS `qrtz_triggers`;
CREATE TABLE `qrtz_triggers`  (
  `SCHED_NAME` varchar(120) CHARACTER SET utf8 COLLATE utf8_general_ci NOT NULL,
  `TRIGGER_NAME` varchar(200) CHARACTER SET utf8 COLLATE utf8_general_ci NOT NULL,
  `TRIGGER_GROUP` varchar(200) CHARACTER SET utf8 COLLATE utf8_general_ci NOT NULL,
  `JOB_NAME` varchar(200) CHARACTER SET utf8 COLLATE utf8_general_ci NOT NULL,
  `JOB_GROUP` varchar(200) CHARACTER SET utf8 COLLATE utf8_general_ci NOT NULL,
  `DESCRIPTION` varchar(250) CHARACTER SET utf8 COLLATE utf8_general_ci NULL DEFAULT NULL,
  `NEXT_FIRE_TIME` bigint(0) NULL DEFAULT NULL,
  `PREV_FIRE_TIME` bigint(0) NULL DEFAULT NULL,
  `PRIORITY` int(0) NULL DEFAULT NULL,
  `TRIGGER_STATE` varchar(16) CHARACTER SET utf8 COLLATE utf8_general_ci NOT NULL,
  `TRIGGER_TYPE` varchar(8) CHARACTER SET utf8 COLLATE utf8_general_ci NOT NULL,
  `START_TIME` bigint(0) NOT NULL,
  `END_TIME` bigint(0) NULL DEFAULT NULL,
  `CALENDAR_NAME` varchar(200) CHARACTER SET utf8 COLLATE utf8_general_ci NULL DEFAULT NULL,
  `MISFIRE_INSTR` smallint(0) NULL DEFAULT NULL,
  `JOB_DATA` blob NULL,
  PRIMARY KEY (`SCHED_NAME`, `TRIGGER_NAME`, `TRIGGER_GROUP`) USING BTREE,
  INDEX `IDX_QRTZ_T_J`(`SCHED_NAME`, `JOB_NAME`, `JOB_GROUP`) USING BTREE,
  INDEX `IDX_QRTZ_T_JG`(`SCHED_NAME`, `JOB_GROUP`) USING BTREE,
  INDEX `IDX_QRTZ_T_C`(`SCHED_NAME`, `CALENDAR_NAME`) USING BTREE,
  INDEX `IDX_QRTZ_T_G`(`SCHED_NAME`, `TRIGGER_GROUP`) USING BTREE,
  INDEX `IDX_QRTZ_T_STATE`(`SCHED_NAME`, `TRIGGER_STATE`) USING BTREE,
  INDEX `IDX_QRTZ_T_N_STATE`(`SCHED_NAME`, `TRIGGER_NAME`, `TRIGGER_GROUP`, `TRIGGER_STATE`) USING BTREE,
  INDEX `IDX_QRTZ_T_N_G_STATE`(`SCHED_NAME`, `TRIGGER_GROUP`, `TRIGGER_STATE`) USING BTREE,
  INDEX `IDX_QRTZ_T_NEXT_FIRE_TIME`(`SCHED_NAME`, `NEXT_FIRE_TIME`) USING BTREE,
  INDEX `IDX_QRTZ_T_NFT_ST`(`SCHED_NAME`, `TRIGGER_STATE`, `NEXT_FIRE_TIME`) USING BTREE,
  INDEX `IDX_QRTZ_T_NFT_MISFIRE`(`SCHED_NAME`, `MISFIRE_INSTR`, `NEXT_FIRE_TIME`) USING BTREE,
  INDEX `IDX_QRTZ_T_NFT_ST_MISFIRE`(`SCHED_NAME`, `MISFIRE_INSTR`, `NEXT_FIRE_TIME`, `TRIGGER_STATE`) USING BTREE,
  INDEX `IDX_QRTZ_T_NFT_ST_MISFIRE_GRP`(`SCHED_NAME`, `MISFIRE_INSTR`, `NEXT_FIRE_TIME`, `TRIGGER_GROUP`, `TRIGGER_STATE`) USING BTREE,
  CONSTRAINT `qrtz_triggers_ibfk_1` FOREIGN KEY (`SCHED_NAME`, `JOB_NAME`, `JOB_GROUP`) REFERENCES `qrtz_job_details` (`SCHED_NAME`, `JOB_NAME`, `JOB_GROUP`) ON DELETE RESTRICT ON UPDATE RESTRICT
) ENGINE = InnoDB CHARACTER SET = utf8 COLLATE = utf8_general_ci ROW_FORMAT = Dynamic;

-- ----------------------------
-- Records of qrtz_triggers
-- ----------------------------
INSERT INTO `qrtz_triggers` VALUES ('RenrenScheduler', 'TASK_1067246875800000076', 'DEFAULT', 'TASK_1067246875800000076', 'DEFAULT', NULL, 1660721400000, -1, 5, 'PAUSED', 'CRON', 1660720260000, 0, NULL, 2, 0xACED0005737200156F72672E71756172747A2E4A6F62446174614D61709FB083E8BFA9B0CB020000787200266F72672E71756172747A2E7574696C732E537472696E674B65794469727479466C61674D61708208E8C3FBC55D280200015A0013616C6C6F77735472616E7369656E74446174617872001D6F72672E71756172747A2E7574696C732E4469727479466C61674D617013E62EAD28760ACE0200025A000564697274794C00036D617074000F4C6A6176612F7574696C2F4D61703B787001737200116A6176612E7574696C2E486173684D61700507DAC1C31660D103000246000A6C6F6164466163746F724900097468726573686F6C6478703F4000000000000C7708000000100000000174000D4A4F425F504152414D5F4B45597372002E696F2E72656E72656E2E6D6F64756C65732E6A6F622E656E746974792E5363686564756C654A6F62456E7469747900000000000000010200074C00086265616E4E616D657400124C6A6176612F6C616E672F537472696E673B4C000E63726F6E45787072657373696F6E71007E00094C0006706172616D7371007E00094C000672656D61726B71007E00094C00067374617475737400134C6A6176612F6C616E672F496E74656765723B4C000A757064617465446174657400104C6A6176612F7574696C2F446174653B4C0007757064617465727400104C6A6176612F6C616E672F4C6F6E673B78720022696F2E72656E72656E2E636F6D6D6F6E2E656E746974792E42617365456E74697479FB83923222FF87B90200034C000A6372656174654461746571007E000B4C000763726561746F7271007E000C4C0002696471007E000C78707372000E6A6176612E7574696C2E44617465686A81014B5974190300007870770800000182AAA279D8787372000E6A6176612E6C616E672E4C6F6E673B8BE490CC8F23DF0200014A000576616C7565787200106A6176612E6C616E672E4E756D62657286AC951D0B94E08B02000078700ECF9F6107B456017371007E00110ECF9F6107B4564C740008746573745461736B74000E3020302F3330202A202A202A203F74000672656E72656E740025E69C89E58F82E6B58BE8AF95EFBC8CE5A49AE4B8AAE58F82E695B0E4BDBFE794A86A736F6E737200116A6176612E6C616E672E496E746567657212E2A0A4F781873802000149000576616C75657871007E0012000000007371007E000F770800000182AAA279D8787371007E00110ECF9F6107B456017800);
INSERT INTO `qrtz_triggers` VALUES ('RenrenScheduler', 'TASK_1563501805931868161', 'DEFAULT', 'TASK_1563501805931868161', 'DEFAULT', NULL, 1661673600000, -1, 5, 'WAITING', 'CRON', 1661602853000, 0, NULL, 2, 0xACED0005737200156F72672E71756172747A2E4A6F62446174614D61709FB083E8BFA9B0CB020000787200266F72672E71756172747A2E7574696C732E537472696E674B65794469727479466C61674D61708208E8C3FBC55D280200015A0013616C6C6F77735472616E7369656E74446174617872001D6F72672E71756172747A2E7574696C732E4469727479466C61674D617013E62EAD28760ACE0200025A000564697274794C00036D617074000F4C6A6176612F7574696C2F4D61703B787001737200116A6176612E7574696C2E486173684D61700507DAC1C31660D103000246000A6C6F6164466163746F724900097468726573686F6C6478703F4000000000000C7708000000100000000174000D4A4F425F504152414D5F4B45597372002E696F2E72656E72656E2E6D6F64756C65732E6A6F622E656E746974792E5363686564756C654A6F62456E7469747900000000000000010200074C00086265616E4E616D657400124C6A6176612F6C616E672F537472696E673B4C000E63726F6E45787072657373696F6E71007E00094C0006706172616D7371007E00094C000672656D61726B71007E00094C00067374617475737400134C6A6176612F6C616E672F496E74656765723B4C000A757064617465446174657400104C6A6176612F7574696C2F446174653B4C0007757064617465727400104C6A6176612F6C616E672F4C6F6E673B78720022696F2E72656E72656E2E636F6D6D6F6E2E656E746974792E42617365456E74697479FB83923222FF87B90200034C000A6372656174654461746571007E000B4C000763726561746F7271007E000C4C0002696471007E000C78707372000E6A6176612E7574696C2E44617465686A81014B5974190300007870770800000182DF3F7470787372000E6A6176612E6C616E672E4C6F6E673B8BE490CC8F23DF0200014A000576616C7565787200106A6176612E6C616E672E4E756D62657286AC951D0B94E08B02000078700ECF9F6107B456017371007E001115B2AC9BD4403001740011636C65616E5570496D616765735461736B74000E3020302F3330202A202A202A203F74000074001EE5AE9AE697B6E6B885E79086E59E83E59CBEE59BBEE78987E4BBBBE58AA1737200116A6176612E6C616E672E496E746567657212E2A0A4F781873802000149000576616C75657871007E0012000000017371007E000F770800000182DF7A3380787371007E00110ECF9F6107B456017800);

-- ----------------------------
-- Table structure for schedule_job
-- ----------------------------
DROP TABLE IF EXISTS `schedule_job`;
CREATE TABLE `schedule_job`  (
  `id` bigint(0) NOT NULL COMMENT 'id',
  `bean_name` varchar(200) CHARACTER SET utf8mb4 COLLATE utf8mb4_0900_ai_ci NULL DEFAULT NULL COMMENT 'spring bean名称',
  `params` varchar(2000) CHARACTER SET utf8mb4 COLLATE utf8mb4_0900_ai_ci NULL DEFAULT NULL COMMENT '参数',
  `cron_expression` varchar(100) CHARACTER SET utf8mb4 COLLATE utf8mb4_0900_ai_ci NULL DEFAULT NULL COMMENT 'cron表达式',
  `status` tinyint(0) UNSIGNED NULL DEFAULT NULL COMMENT '任务状态  0：暂停  1：正常',
  `remark` varchar(255) CHARACTER SET utf8mb4 COLLATE utf8mb4_0900_ai_ci NULL DEFAULT NULL COMMENT '备注',
  `creator` bigint(0) NULL DEFAULT NULL COMMENT '创建者',
  `create_date` datetime(0) NULL DEFAULT NULL COMMENT '创建时间',
  `updater` bigint(0) NULL DEFAULT NULL COMMENT '更新者',
  `update_date` datetime(0) NULL DEFAULT NULL COMMENT '更新时间',
  PRIMARY KEY (`id`) USING BTREE,
  INDEX `idx_create_date`(`create_date`) USING BTREE
) ENGINE = InnoDB CHARACTER SET = utf8mb4 COLLATE = utf8mb4_0900_ai_ci COMMENT = '定时任务' ROW_FORMAT = Dynamic;

-- ----------------------------
-- Records of schedule_job
-- ----------------------------
INSERT INTO `schedule_job` VALUES (1067246875800000076, 'testTask', 'renren', '0 0/30 * * * ?', 0, '有参测试，多个参数使用json', 1067246875800000001, '2022-08-17 15:09:11', 1067246875800000001, '2022-08-17 15:09:11');
INSERT INTO `schedule_job` VALUES (1563501805931868161, 'cleanUpImagesTask', '', '0 0/30 * * * ?', 1, '定时清理垃圾图片任务', 1067246875800000001, '2022-08-27 20:20:54', 1067246875800000001, '2022-08-27 21:25:04');

-- ----------------------------
-- Table structure for schedule_job_log
-- ----------------------------
DROP TABLE IF EXISTS `schedule_job_log`;
CREATE TABLE `schedule_job_log`  (
  `id` bigint(0) NOT NULL COMMENT 'id',
  `job_id` bigint(0) NOT NULL COMMENT '任务id',
  `bean_name` varchar(200) CHARACTER SET utf8mb4 COLLATE utf8mb4_0900_ai_ci NULL DEFAULT NULL COMMENT 'spring bean名称',
  `params` varchar(2000) CHARACTER SET utf8mb4 COLLATE utf8mb4_0900_ai_ci NULL DEFAULT NULL COMMENT '参数',
  `status` tinyint(0) UNSIGNED NOT NULL COMMENT '任务状态    0：失败    1：成功',
  `error` varchar(2000) CHARACTER SET utf8mb4 COLLATE utf8mb4_0900_ai_ci NULL DEFAULT NULL COMMENT '失败信息',
  `times` int(0) NOT NULL COMMENT '耗时(单位：毫秒)',
  `create_date` datetime(0) NULL DEFAULT NULL COMMENT '创建时间',
  PRIMARY KEY (`id`) USING BTREE,
  INDEX `idx_job_id`(`job_id`) USING BTREE,
  INDEX `idx_create_date`(`create_date`) USING BTREE
) ENGINE = InnoDB CHARACTER SET = utf8mb4 COLLATE = utf8mb4_0900_ai_ci COMMENT = '定时任务日志' ROW_FORMAT = Dynamic;

-- ----------------------------
-- Records of schedule_job_log
-- ----------------------------


-- ----------------------------
-- Table structure for setmeal
-- ----------------------------
DROP TABLE IF EXISTS `setmeal`;
CREATE TABLE `setmeal`  (
  `id` bigint(0) NOT NULL COMMENT '主键',
  `category_id` bigint(0) NOT NULL COMMENT '菜品分类id',
  `name` varchar(64) CHARACTER SET utf8 COLLATE utf8_bin NOT NULL COMMENT '套餐名称',
  `price` decimal(10, 2) NOT NULL COMMENT '套餐价格',
  `status` int(0) NULL DEFAULT NULL COMMENT '状态 0:停用 1:启用',
  `code` varchar(32) CHARACTER SET utf8 COLLATE utf8_bin NULL DEFAULT NULL COMMENT '编码',
  `description` varchar(512) CHARACTER SET utf8 COLLATE utf8_bin NULL DEFAULT NULL COMMENT '描述信息',
  `image` varchar(255) CHARACTER SET utf8 COLLATE utf8_bin NULL DEFAULT NULL COMMENT '图片',
  `creator` bigint(0) NOT NULL COMMENT '创建人',
  `create_date` datetime(0) NOT NULL COMMENT '创建时间',
  `updater` bigint(0) NOT NULL COMMENT '修改人',
  `update_date` datetime(0) NOT NULL COMMENT '更新时间',
  `is_deleted` int(0) NOT NULL DEFAULT 0 COMMENT '是否删除',
  PRIMARY KEY (`id`) USING BTREE,
  UNIQUE INDEX `idx_setmeal_name`(`name`) USING BTREE
) ENGINE = InnoDB CHARACTER SET = utf8 COLLATE = utf8_bin COMMENT = '套餐' ROW_FORMAT = Dynamic;

-- ----------------------------
-- Records of setmeal
-- ----------------------------
INSERT INTO `setmeal` VALUES (1523233943468486658, 1523224049252151297, '农家腊肉+小菜+米饭', 1998.00, 1, '', '原料：大米、青菜、腊肉', '169cdfdb-b7dc-4d46-8ae4-99e89b7b0d68c.jpg', 1, '2022-06-19 14:29:33', 1067246875800000001, '2022-08-21 11:20:38', 0);
INSERT INTO `setmeal` VALUES (1523234378937905154, 1523224049252151297, '农家小炒肉+小菜+米饭', 1900.00, 1, '', '原料：大米、猪肉', '433cb039-d471-49b6-8615-3263a44c68b52.jpg', 1, '2022-06-19 14:29:05', 1, '2022-06-19 14:29:05', 0);
INSERT INTO `setmeal` VALUES (1523234624120139777, 1523224049252151297, '尖椒鸡+小菜+米饭', 1988.00, 1, '', '原料：大米、辣椒、青菜、鸡肉', '7fe7b356-1374-4575-be48-cc36d40a24488.jpg', 1, '2022-06-19 14:29:17', 1, '2022-06-19 14:29:17', 0);

-- ----------------------------
-- Table structure for setmeal_dish
-- ----------------------------
DROP TABLE IF EXISTS `setmeal_dish`;
CREATE TABLE `setmeal_dish`  (
  `id` bigint(0) NOT NULL COMMENT '主键',
  `setmeal_id` varchar(32) CHARACTER SET utf8 COLLATE utf8_bin NOT NULL COMMENT '套餐id ',
  `dish_id` varchar(32) CHARACTER SET utf8 COLLATE utf8_bin NOT NULL COMMENT '菜品id',
  `name` varchar(32) CHARACTER SET utf8 COLLATE utf8_bin NULL DEFAULT NULL COMMENT '菜品名称 （冗余字段）',
  `price` decimal(10, 2) NULL DEFAULT NULL COMMENT '菜品原价（冗余字段）',
  `copies` int(0) NOT NULL COMMENT '份数',
  `sort` int(0) NOT NULL DEFAULT 0 COMMENT '排序',
  `creator` bigint(0) NOT NULL COMMENT '创建人',
  `create_date` datetime(0) NOT NULL COMMENT '创建时间',
  `updater` bigint(0) NOT NULL COMMENT '修改人',
  `update_date` datetime(0) NOT NULL COMMENT '更新时间',
  `is_deleted` int(0) NOT NULL DEFAULT 0 COMMENT '是否删除',
  PRIMARY KEY (`id`) USING BTREE
) ENGINE = InnoDB CHARACTER SET = utf8 COLLATE = utf8_bin COMMENT = '套餐菜品关系' ROW_FORMAT = Dynamic;

-- ----------------------------
-- Records of setmeal_dish
-- ----------------------------
INSERT INTO `setmeal_dish` VALUES (1538408506959384577, '1523234378937905154', '1523233618137296897', '珍珠米饭', 100.00, 1, 0, 1, '2022-06-19 14:29:05', 1, '2022-06-19 14:29:05', 0);
INSERT INTO `setmeal_dish` VALUES (1538408506959384578, '1523234378937905154', '1523229349560561666', '小炒肉（米饭单点）', 1380.00, 1, 0, 1, '2022-06-19 14:29:05', 1, '2022-06-19 14:29:05', 0);
INSERT INTO `setmeal_dish` VALUES (1538408555852386305, '1523234624120139777', '1523229489490931714', '尖椒鸡（米饭单点）', 1398.00, 1, 0, 1, '2022-06-19 14:29:17', 1, '2022-06-19 14:29:17', 0);
INSERT INTO `setmeal_dish` VALUES (1538408555852386306, '1523234624120139777', '1523233618137296897', '珍珠米饭', 100.00, 1, 0, 1, '2022-06-19 14:29:17', 1, '2022-06-19 14:29:17', 0);
INSERT INTO `setmeal_dish` VALUES (1538408624433451009, '1523233943468486658', '1523233618137296897', '珍珠米饭', 100.00, 1, 0, 1, '2022-06-19 14:29:33', 1, '2022-06-19 14:29:33', 0);
INSERT INTO `setmeal_dish` VALUES (1538408624433451010, '1523233943468486658', '1523227696245616641', '农家炒腊肉（米饭单点）', 1688.00, 1, 0, 1, '2022-06-19 14:29:33', 1, '2022-06-19 14:29:33', 0);

-- ----------------------------
-- Table structure for shopping_cart
-- ----------------------------
DROP TABLE IF EXISTS `shopping_cart`;
CREATE TABLE `shopping_cart`  (
  `id` bigint(0) NOT NULL COMMENT '主键',
  `name` varchar(50) CHARACTER SET utf8 COLLATE utf8_bin NULL DEFAULT NULL COMMENT '名称',
  `image` varchar(100) CHARACTER SET utf8 COLLATE utf8_bin NULL DEFAULT NULL COMMENT '图片',
  `user_id` bigint(0) NOT NULL COMMENT '主键',
  `dish_id` bigint(0) NULL DEFAULT NULL COMMENT '菜品id',
  `setmeal_id` bigint(0) NULL DEFAULT NULL COMMENT '套餐id',
  `dish_flavor` varchar(50) CHARACTER SET utf8 COLLATE utf8_bin NULL DEFAULT NULL COMMENT '口味',
  `number` int(0) NOT NULL DEFAULT 1 COMMENT '数量',
  `amount` decimal(10, 2) NOT NULL COMMENT '金额',
  `creator` bigint(0) NULL DEFAULT NULL COMMENT '创建者',
  `create_date` datetime(0) NULL DEFAULT NULL COMMENT '创建时间',
  `updater` bigint(0) NULL DEFAULT NULL COMMENT '更新者',
  `update_date` datetime(0) NULL DEFAULT NULL COMMENT '更新时间',
  PRIMARY KEY (`id`) USING BTREE
) ENGINE = InnoDB CHARACTER SET = utf8 COLLATE = utf8_bin COMMENT = '购物车' ROW_FORMAT = Dynamic;

-- ----------------------------
-- Records of shopping_cart
-- ----------------------------
INSERT INTO `shopping_cart` VALUES (1523375836910018561, '干锅鸡+米饭', '5edde75d-5920-41ca-8a82-e0e9c115dc932.jpg', 1523365273903456258, 1523231271495512066, NULL, '重辣', 1, 19.80, 1523365273903456258, '2022-05-09 02:54:37', 1523365273903456258, '2022-05-09 02:54:37');
INSERT INTO `shopping_cart` VALUES (1523375851594276865, '怡宝', '1876018b-fc2c-495a-b57c-f1068d7bbddb5.jpg', 1523365273903456258, 1523233739667255298, NULL, NULL, 1, 2.00, 1523365273903456258, '2022-05-09 02:54:41', 1523365273903456258, '2022-05-09 02:54:41');
INSERT INTO `shopping_cart` VALUES (1533060367050199041, '尖椒鸡（米饭单点）', '5d1c0ad9-8c02-4d8a-a8d3-cf6ca7e5d41f8.jpg', 1530789235311808513, 1523229489490931714, NULL, NULL, 1, 13.98, 1530789235311808513, '2022-06-04 20:17:29', 1530789235311808513, '2022-06-04 20:17:29');

-- ----------------------------
-- Table structure for sys_dept
-- ----------------------------
DROP TABLE IF EXISTS `sys_dept`;
CREATE TABLE `sys_dept`  (
  `id` bigint(0) NOT NULL COMMENT 'id',
  `pid` bigint(0) NULL DEFAULT NULL COMMENT '上级ID',
  `pids` varchar(500) CHARACTER SET utf8mb4 COLLATE utf8mb4_0900_ai_ci NULL DEFAULT NULL COMMENT '所有上级ID，用逗号分开',
  `name` varchar(50) CHARACTER SET utf8mb4 COLLATE utf8mb4_0900_ai_ci NULL DEFAULT NULL COMMENT '部门名称',
  `sort` int(0) UNSIGNED NULL DEFAULT NULL COMMENT '排序',
  `creator` bigint(0) NULL DEFAULT NULL COMMENT '创建者',
  `create_date` datetime(0) NULL DEFAULT NULL COMMENT '创建时间',
  `updater` bigint(0) NULL DEFAULT NULL COMMENT '更新者',
  `update_date` datetime(0) NULL DEFAULT NULL COMMENT '更新时间',
  PRIMARY KEY (`id`) USING BTREE,
  INDEX `idx_pid`(`pid`) USING BTREE,
  INDEX `idx_sort`(`sort`) USING BTREE
) ENGINE = InnoDB CHARACTER SET = utf8mb4 COLLATE = utf8mb4_0900_ai_ci COMMENT = '部门管理' ROW_FORMAT = Dynamic;

-- ----------------------------
-- Records of sys_dept
-- ----------------------------
INSERT INTO `sys_dept` VALUES (1559803880886247426, 0, '0', '美食元素', 0, 1067246875800000001, '2022-08-17 15:26:40', 1067246875800000001, '2022-08-17 15:26:40');

-- ----------------------------
-- Table structure for sys_dict_data
-- ----------------------------
DROP TABLE IF EXISTS `sys_dict_data`;
CREATE TABLE `sys_dict_data`  (
  `id` bigint(0) NOT NULL COMMENT 'id',
  `dict_type_id` bigint(0) NOT NULL COMMENT '字典类型ID',
  `dict_label` varchar(255) CHARACTER SET utf8mb4 COLLATE utf8mb4_0900_ai_ci NOT NULL COMMENT '字典标签',
  `dict_value` varchar(255) CHARACTER SET utf8mb4 COLLATE utf8mb4_0900_ai_ci NULL DEFAULT NULL COMMENT '字典值',
  `remark` varchar(255) CHARACTER SET utf8mb4 COLLATE utf8mb4_0900_ai_ci NULL DEFAULT NULL COMMENT '备注',
  `sort` int(0) UNSIGNED NULL DEFAULT NULL COMMENT '排序',
  `creator` bigint(0) NULL DEFAULT NULL COMMENT '创建者',
  `create_date` datetime(0) NULL DEFAULT NULL COMMENT '创建时间',
  `updater` bigint(0) NULL DEFAULT NULL COMMENT '更新者',
  `update_date` datetime(0) NULL DEFAULT NULL COMMENT '更新时间',
  PRIMARY KEY (`id`) USING BTREE,
  UNIQUE INDEX `uk_dict_type_value`(`dict_type_id`, `dict_value`) USING BTREE,
  INDEX `idx_sort`(`sort`) USING BTREE
) ENGINE = InnoDB CHARACTER SET = utf8mb4 COLLATE = utf8mb4_0900_ai_ci COMMENT = '字典数据' ROW_FORMAT = Dynamic;

-- ----------------------------
-- Records of sys_dict_data
-- ----------------------------
INSERT INTO `sys_dict_data` VALUES (1160061112075464705, 1160061077912858625, '男', '0', '', 0, 1067246875800000001, '2022-08-17 15:09:11', 1067246875800000001, '2022-08-17 15:09:11');
INSERT INTO `sys_dict_data` VALUES (1160061146967879681, 1160061077912858625, '女', '1', '', 1, 1067246875800000001, '2022-08-17 15:09:11', 1067246875800000001, '2022-08-17 15:09:11');
INSERT INTO `sys_dict_data` VALUES (1160061190127267841, 1160061077912858625, '保密', '2', '', 2, 1067246875800000001, '2022-08-17 15:09:11', 1067246875800000001, '2022-08-17 15:09:11');
INSERT INTO `sys_dict_data` VALUES (1225814069634195457, 1225813644059140097, '公告', '0', '', 0, 1067246875800000001, '2022-08-17 15:09:11', 1067246875800000001, '2022-08-17 15:09:11');
INSERT INTO `sys_dict_data` VALUES (1225814107559092225, 1225813644059140097, '会议', '1', '', 1, 1067246875800000001, '2022-08-17 15:09:11', 1067246875800000001, '2022-08-17 15:09:11');
INSERT INTO `sys_dict_data` VALUES (1225814271879340034, 1225813644059140097, '其他', '2', '', 2, 1067246875800000001, '2022-08-17 15:09:11', 1067246875800000001, '2022-08-17 15:09:11');

-- ----------------------------
-- Table structure for sys_dict_type
-- ----------------------------
DROP TABLE IF EXISTS `sys_dict_type`;
CREATE TABLE `sys_dict_type`  (
  `id` bigint(0) NOT NULL COMMENT 'id',
  `dict_type` varchar(100) CHARACTER SET utf8mb4 COLLATE utf8mb4_0900_ai_ci NOT NULL COMMENT '字典类型',
  `dict_name` varchar(255) CHARACTER SET utf8mb4 COLLATE utf8mb4_0900_ai_ci NOT NULL COMMENT '字典名称',
  `remark` varchar(255) CHARACTER SET utf8mb4 COLLATE utf8mb4_0900_ai_ci NULL DEFAULT NULL COMMENT '备注',
  `sort` int(0) UNSIGNED NULL DEFAULT NULL COMMENT '排序',
  `creator` bigint(0) NULL DEFAULT NULL COMMENT '创建者',
  `create_date` datetime(0) NULL DEFAULT NULL COMMENT '创建时间',
  `updater` bigint(0) NULL DEFAULT NULL COMMENT '更新者',
  `update_date` datetime(0) NULL DEFAULT NULL COMMENT '更新时间',
  PRIMARY KEY (`id`) USING BTREE,
  UNIQUE INDEX `dict_type`(`dict_type`) USING BTREE
) ENGINE = InnoDB CHARACTER SET = utf8mb4 COLLATE = utf8mb4_0900_ai_ci COMMENT = '字典类型' ROW_FORMAT = Dynamic;

-- ----------------------------
-- Records of sys_dict_type
-- ----------------------------
INSERT INTO `sys_dict_type` VALUES (1160061077912858625, 'gender', '性别', '', 0, 1067246875800000001, '2022-08-17 15:09:11', 1067246875800000001, '2022-08-17 15:09:11');
INSERT INTO `sys_dict_type` VALUES (1225813644059140097, 'notice_type', '站内通知-类型', '', 1, 1067246875800000001, '2022-08-17 15:09:11', 1067246875800000001, '2022-08-17 15:09:11');

-- ----------------------------
-- Table structure for sys_log_error
-- ----------------------------
DROP TABLE IF EXISTS `sys_log_error`;
CREATE TABLE `sys_log_error`  (
  `id` bigint(0) NOT NULL COMMENT 'id',
  `request_uri` varchar(200) CHARACTER SET utf8mb4 COLLATE utf8mb4_0900_ai_ci NULL DEFAULT NULL COMMENT '请求URI',
  `request_method` varchar(20) CHARACTER SET utf8mb4 COLLATE utf8mb4_0900_ai_ci NULL DEFAULT NULL COMMENT '请求方式',
  `request_params` text CHARACTER SET utf8mb4 COLLATE utf8mb4_0900_ai_ci NULL COMMENT '请求参数',
  `user_agent` varchar(500) CHARACTER SET utf8mb4 COLLATE utf8mb4_0900_ai_ci NULL DEFAULT NULL COMMENT '用户代理',
  `ip` varchar(32) CHARACTER SET utf8mb4 COLLATE utf8mb4_0900_ai_ci NULL DEFAULT NULL COMMENT '操作IP',
  `error_info` text CHARACTER SET utf8mb4 COLLATE utf8mb4_0900_ai_ci NULL COMMENT '异常信息',
  `creator` bigint(0) NULL DEFAULT NULL COMMENT '创建者',
  `create_date` datetime(0) NULL DEFAULT NULL COMMENT '创建时间',
  PRIMARY KEY (`id`) USING BTREE,
  INDEX `idx_create_date`(`create_date`) USING BTREE
) ENGINE = InnoDB CHARACTER SET = utf8mb4 COLLATE = utf8mb4_0900_ai_ci COMMENT = '异常日志' ROW_FORMAT = Dynamic;

-- ----------------------------
-- Records of sys_log_error
-- ----------------------------

-- ----------------------------
-- Table structure for sys_log_login
-- ----------------------------
DROP TABLE IF EXISTS `sys_log_login`;
CREATE TABLE `sys_log_login`  (
  `id` bigint(0) NOT NULL COMMENT 'id',
  `operation` tinyint(0) UNSIGNED NULL DEFAULT NULL COMMENT '用户操作   0：用户登录   1：用户退出',
  `status` tinyint(0) UNSIGNED NOT NULL COMMENT '状态  0：失败    1：成功    2：账号已锁定',
  `user_agent` varchar(500) CHARACTER SET utf8mb4 COLLATE utf8mb4_0900_ai_ci NULL DEFAULT NULL COMMENT '用户代理',
  `ip` varchar(32) CHARACTER SET utf8mb4 COLLATE utf8mb4_0900_ai_ci NULL DEFAULT NULL COMMENT '操作IP',
  `creator_name` varchar(50) CHARACTER SET utf8mb4 COLLATE utf8mb4_0900_ai_ci NULL DEFAULT NULL COMMENT '用户名',
  `creator` bigint(0) NULL DEFAULT NULL COMMENT '创建者',
  `create_date` datetime(0) NULL DEFAULT NULL COMMENT '创建时间',
  PRIMARY KEY (`id`) USING BTREE,
  INDEX `idx_status`(`status`) USING BTREE,
  INDEX `idx_create_date`(`create_date`) USING BTREE
) ENGINE = InnoDB CHARACTER SET = utf8mb4 COLLATE = utf8mb4_0900_ai_ci COMMENT = '登录日志' ROW_FORMAT = Dynamic;

-- ----------------------------
-- Records of sys_log_login
-- ----------------------------
INSERT INTO `sys_log_login` VALUES (1559800045253959681, 0, 1, 'Mozilla/5.0 (Windows NT 10.0; Win64; x64) AppleWebKit/537.36 (KHTML, like Gecko) Chrome/104.0.0.0 Safari/537.36', '0:0:0:0:0:0:0:1', 'admin', 1067246875800000001, '2022-08-17 15:11:25');
INSERT INTO `sys_log_login` VALUES (1559816807303356418, 1, 1, 'Mozilla/5.0 (Windows NT 10.0; Win64; x64) AppleWebKit/537.36 (KHTML, like Gecko) Chrome/104.0.0.0 Safari/537.36', '0:0:0:0:0:0:0:1', 'admin', 1067246875800000001, '2022-08-17 16:18:02');
INSERT INTO `sys_log_login` VALUES (1559816825837985793, 0, 1, 'Mozilla/5.0 (Windows NT 10.0; Win64; x64) AppleWebKit/537.36 (KHTML, like Gecko) Chrome/104.0.0.0 Safari/537.36', '0:0:0:0:0:0:0:1', 'admin', 1067246875800000001, '2022-08-17 16:18:06');
INSERT INTO `sys_log_login` VALUES (1559854517279793153, 1, 1, 'Mozilla/5.0 (Windows NT 10.0; Win64; x64) AppleWebKit/537.36 (KHTML, like Gecko) Chrome/104.0.0.0 Safari/537.36', '0:0:0:0:0:0:0:1', 'admin', 1067246875800000001, '2022-08-17 18:47:52');
INSERT INTO `sys_log_login` VALUES (1559854563798818818, 0, 1, 'Mozilla/5.0 (Windows NT 10.0; Win64; x64) AppleWebKit/537.36 (KHTML, like Gecko) Chrome/104.0.0.0 Safari/537.36', '0:0:0:0:0:0:0:1', 'admin', 1067246875800000001, '2022-08-17 18:48:03');
INSERT INTO `sys_log_login` VALUES (1560130542102405122, 0, 0, 'Mozilla/5.0 (Windows NT 10.0; Win64; x64) AppleWebKit/537.36 (KHTML, like Gecko) Chrome/104.0.0.0 Safari/537.36', '0:0:0:0:0:0:0:1', 'admin', 1067246875800000001, '2022-08-18 13:04:42');
INSERT INTO `sys_log_login` VALUES (1560130576889962497, 0, 1, 'Mozilla/5.0 (Windows NT 10.0; Win64; x64) AppleWebKit/537.36 (KHTML, like Gecko) Chrome/104.0.0.0 Safari/537.36', '0:0:0:0:0:0:0:1', 'admin', 1067246875800000001, '2022-08-18 13:04:50');
INSERT INTO `sys_log_login` VALUES (1560486885564878849, 0, 1, 'Mozilla/5.0 (Windows NT 10.0; Win64; x64) AppleWebKit/537.36 (KHTML, like Gecko) Chrome/104.0.0.0 Safari/537.36', '0:0:0:0:0:0:0:1', 'admin', 1067246875800000001, '2022-08-19 12:40:41');
INSERT INTO `sys_log_login` VALUES (1560609320708608002, 0, 1, 'Mozilla/5.0 (Windows NT 10.0; Win64; x64) AppleWebKit/537.36 (KHTML, like Gecko) Chrome/104.0.0.0 Safari/537.36', '127.0.0.1', 'admin', 1067246875800000001, '2022-08-19 20:47:11');
INSERT INTO `sys_log_login` VALUES (1560823508810866689, 0, 1, 'Mozilla/5.0 (Windows NT 10.0; Win64; x64) AppleWebKit/537.36 (KHTML, like Gecko) Chrome/104.0.0.0 Safari/537.36', '0:0:0:0:0:0:0:1', 'admin', 1067246875800000001, '2022-08-20 10:58:18');
INSERT INTO `sys_log_login` VALUES (1561188372519673857, 0, 1, 'Mozilla/5.0 (Windows NT 10.0; Win64; x64) AppleWebKit/537.36 (KHTML, like Gecko) Chrome/104.0.0.0 Safari/537.36', '0:0:0:0:0:0:0:1', 'admin', 1067246875800000001, '2022-08-21 11:08:08');
INSERT INTO `sys_log_login` VALUES (1561209574680256513, 1, 1, 'Mozilla/5.0 (Windows NT 10.0; Win64; x64) AppleWebKit/537.36 (KHTML, like Gecko) Chrome/104.0.0.0 Safari/537.36', '0:0:0:0:0:0:0:1', 'admin', 1067246875800000001, '2022-08-21 12:32:23');
INSERT INTO `sys_log_login` VALUES (1561209619395731458, 0, 0, 'Mozilla/5.0 (Windows NT 10.0; Win64; x64) AppleWebKit/537.36 (KHTML, like Gecko) Chrome/104.0.0.0 Safari/537.36', '0:0:0:0:0:0:0:1', 'jiangxin', 1559815019674214402, '2022-08-21 12:32:34');
INSERT INTO `sys_log_login` VALUES (1561209703172759553, 0, 1, 'Mozilla/5.0 (Windows NT 10.0; Win64; x64) AppleWebKit/537.36 (KHTML, like Gecko) Chrome/104.0.0.0 Safari/537.36', '0:0:0:0:0:0:0:1', 'jiangxin', 1559815019674214402, '2022-08-21 12:32:54');
INSERT INTO `sys_log_login` VALUES (1561209890653954049, 1, 1, 'Mozilla/5.0 (Windows NT 10.0; Win64; x64) AppleWebKit/537.36 (KHTML, like Gecko) Chrome/104.0.0.0 Safari/537.36', '0:0:0:0:0:0:0:1', 'jiangxin', 1559815019674214402, '2022-08-21 12:33:38');
INSERT INTO `sys_log_login` VALUES (1561209911721943041, 0, 1, 'Mozilla/5.0 (Windows NT 10.0; Win64; x64) AppleWebKit/537.36 (KHTML, like Gecko) Chrome/104.0.0.0 Safari/537.36', '0:0:0:0:0:0:0:1', 'admin', 1067246875800000001, '2022-08-21 12:33:43');
INSERT INTO `sys_log_login` VALUES (1561990383561392129, 0, 1, 'Mozilla/5.0 (Windows NT 10.0; Win64; x64) AppleWebKit/537.36 (KHTML, like Gecko) Chrome/104.0.0.0 Safari/537.36', '0:0:0:0:0:0:0:1', 'admin', 1067246875800000001, '2022-08-23 16:15:02');
INSERT INTO `sys_log_login` VALUES (1562057972773928962, 1, 1, 'Mozilla/5.0 (Windows NT 10.0; Win64; x64) AppleWebKit/537.36 (KHTML, like Gecko) Chrome/104.0.0.0 Safari/537.36', '0:0:0:0:0:0:0:1', 'admin', 1067246875800000001, '2022-08-23 20:43:37');
INSERT INTO `sys_log_login` VALUES (1562063217243570178, 0, 1, 'Mozilla/5.0 (Windows NT 10.0; Win64; x64) AppleWebKit/537.36 (KHTML, like Gecko) Chrome/104.0.0.0 Safari/537.36', '0:0:0:0:0:0:0:1', 'admin', 1067246875800000001, '2022-08-23 21:04:27');
INSERT INTO `sys_log_login` VALUES (1562274746933035009, 0, 1, 'Mozilla/5.0 (Windows NT 10.0; Win64; x64) AppleWebKit/537.36 (KHTML, like Gecko) Chrome/104.0.0.0 Safari/537.36', '0:0:0:0:0:0:0:1', 'admin', 1067246875800000001, '2022-08-24 11:05:00');
INSERT INTO `sys_log_login` VALUES (1562415644660465666, 1, 1, 'Mozilla/5.0 (Windows NT 10.0; Win64; x64) AppleWebKit/537.36 (KHTML, like Gecko) Chrome/104.0.0.0 Safari/537.36', '0:0:0:0:0:0:0:1', 'admin', 1067246875800000001, '2022-08-24 20:24:53');
INSERT INTO `sys_log_login` VALUES (1562415673773129730, 0, 1, 'Mozilla/5.0 (Windows NT 10.0; Win64; x64) AppleWebKit/537.36 (KHTML, like Gecko) Chrome/104.0.0.0 Safari/537.36', '0:0:0:0:0:0:0:1', 'admin', 1067246875800000001, '2022-08-24 20:24:59');
INSERT INTO `sys_log_login` VALUES (1562429598975655937, 1, 1, 'Mozilla/5.0 (Windows NT 10.0; Win64; x64) AppleWebKit/537.36 (KHTML, like Gecko) Chrome/104.0.0.0 Safari/537.36', '0:0:0:0:0:0:0:1', 'admin', 1067246875800000001, '2022-08-24 21:20:20');
INSERT INTO `sys_log_login` VALUES (1562429629296279553, 0, 1, 'Mozilla/5.0 (Windows NT 10.0; Win64; x64) AppleWebKit/537.36 (KHTML, like Gecko) Chrome/104.0.0.0 Safari/537.36', '0:0:0:0:0:0:0:1', 'admin', 1067246875800000001, '2022-08-24 21:20:27');
INSERT INTO `sys_log_login` VALUES (1562429715145293826, 1, 1, 'Mozilla/5.0 (Windows NT 10.0; Win64; x64) AppleWebKit/537.36 (KHTML, like Gecko) Chrome/104.0.0.0 Safari/537.36', '0:0:0:0:0:0:0:1', 'admin', 1067246875800000001, '2022-08-24 21:20:47');
INSERT INTO `sys_log_login` VALUES (1562429815070392321, 0, 1, 'Mozilla/5.0 (Windows NT 10.0; Win64; x64) AppleWebKit/537.36 (KHTML, like Gecko) Chrome/104.0.0.0 Safari/537.36', '0:0:0:0:0:0:0:1', 'admin', 1067246875800000001, '2022-08-24 21:21:11');
INSERT INTO `sys_log_login` VALUES (1562429828899012609, 1, 1, 'Mozilla/5.0 (Windows NT 10.0; Win64; x64) AppleWebKit/537.36 (KHTML, like Gecko) Chrome/104.0.0.0 Safari/537.36', '0:0:0:0:0:0:0:1', 'admin', 1067246875800000001, '2022-08-24 21:21:14');
INSERT INTO `sys_log_login` VALUES (1562429871425060866, 0, 1, 'Mozilla/5.0 (Windows NT 10.0; Win64; x64) AppleWebKit/537.36 (KHTML, like Gecko) Chrome/104.0.0.0 Safari/537.36', '0:0:0:0:0:0:0:1', 'admin', 1067246875800000001, '2022-08-24 21:21:24');
INSERT INTO `sys_log_login` VALUES (1562655257991884801, 0, 1, 'Mozilla/5.0 (Windows NT 10.0; Win64; x64) AppleWebKit/537.36 (KHTML, like Gecko) Chrome/104.0.0.0 Safari/537.36', '0:0:0:0:0:0:0:1', 'admin', 1067246875800000001, '2022-08-25 12:17:01');
INSERT INTO `sys_log_login` VALUES (1563030907345014785, 0, 1, 'Mozilla/5.0 (Windows NT 10.0; Win64; x64) AppleWebKit/537.36 (KHTML, like Gecko) Chrome/104.0.0.0 Safari/537.36', '0:0:0:0:0:0:0:1', 'admin', 1067246875800000001, '2022-08-26 13:09:43');
INSERT INTO `sys_log_login` VALUES (1563445374037880833, 0, 1, 'Mozilla/5.0 (Windows NT 10.0; Win64; x64) AppleWebKit/537.36 (KHTML, like Gecko) Chrome/104.0.0.0 Safari/537.36', '0:0:0:0:0:0:0:1', 'admin', 1067246875800000001, '2022-08-27 16:36:39');
INSERT INTO `sys_log_login` VALUES (1563796047011069953, 0, 1, 'Mozilla/5.0 (Windows NT 10.0; Win64; x64) AppleWebKit/537.36 (KHTML, like Gecko) Chrome/104.0.0.0 Safari/537.36', '0:0:0:0:0:0:0:1', 'admin', 1067246875800000001, '2022-08-28 15:50:06');

-- ----------------------------
-- Table structure for sys_log_operation
-- ----------------------------
DROP TABLE IF EXISTS `sys_log_operation`;
CREATE TABLE `sys_log_operation`  (
  `id` bigint(0) NOT NULL COMMENT 'id',
  `operation` varchar(50) CHARACTER SET utf8mb4 COLLATE utf8mb4_0900_ai_ci NULL DEFAULT NULL COMMENT '用户操作',
  `request_uri` varchar(200) CHARACTER SET utf8mb4 COLLATE utf8mb4_0900_ai_ci NULL DEFAULT NULL COMMENT '请求URI',
  `request_method` varchar(20) CHARACTER SET utf8mb4 COLLATE utf8mb4_0900_ai_ci NULL DEFAULT NULL COMMENT '请求方式',
  `request_params` text CHARACTER SET utf8mb4 COLLATE utf8mb4_0900_ai_ci NULL COMMENT '请求参数',
  `request_time` int(0) UNSIGNED NOT NULL COMMENT '请求时长(毫秒)',
  `user_agent` varchar(500) CHARACTER SET utf8mb4 COLLATE utf8mb4_0900_ai_ci NULL DEFAULT NULL COMMENT '用户代理',
  `ip` varchar(32) CHARACTER SET utf8mb4 COLLATE utf8mb4_0900_ai_ci NULL DEFAULT NULL COMMENT '操作IP',
  `status` tinyint(0) UNSIGNED NOT NULL COMMENT '状态  0：失败   1：成功',
  `creator_name` varchar(50) CHARACTER SET utf8mb4 COLLATE utf8mb4_0900_ai_ci NULL DEFAULT NULL COMMENT '用户名',
  `creator` bigint(0) NULL DEFAULT NULL COMMENT '创建者',
  `create_date` datetime(0) NULL DEFAULT NULL COMMENT '创建时间',
  PRIMARY KEY (`id`) USING BTREE,
  INDEX `idx_create_date`(`create_date`) USING BTREE
) ENGINE = InnoDB CHARACTER SET = utf8mb4 COLLATE = utf8mb4_0900_ai_ci COMMENT = '操作日志' ROW_FORMAT = Dynamic;

-- ----------------------------
-- Records of sys_log_operation
-- ----------------------------

-- ----------------------------
-- Table structure for sys_menu
-- ----------------------------
DROP TABLE IF EXISTS `sys_menu`;
CREATE TABLE `sys_menu`  (
  `id` bigint(0) NOT NULL COMMENT 'id',
  `pid` bigint(0) NULL DEFAULT NULL COMMENT '上级ID，一级菜单为0',
  `name` varchar(200) CHARACTER SET utf8mb4 COLLATE utf8mb4_0900_ai_ci NULL DEFAULT NULL COMMENT '名称',
  `url` varchar(200) CHARACTER SET utf8mb4 COLLATE utf8mb4_0900_ai_ci NULL DEFAULT NULL COMMENT '菜单URL',
  `permissions` varchar(500) CHARACTER SET utf8mb4 COLLATE utf8mb4_0900_ai_ci NULL DEFAULT NULL COMMENT '授权(多个用逗号分隔，如：sys:user:list,sys:user:save)',
  `type` tinyint(0) UNSIGNED NULL DEFAULT NULL COMMENT '类型   0：菜单   1：按钮',
  `icon` varchar(50) CHARACTER SET utf8mb4 COLLATE utf8mb4_0900_ai_ci NULL DEFAULT NULL COMMENT '菜单图标',
  `sort` int(0) NULL DEFAULT NULL COMMENT '排序',
  `creator` bigint(0) NULL DEFAULT NULL COMMENT '创建者',
  `create_date` datetime(0) NULL DEFAULT NULL COMMENT '创建时间',
  `updater` bigint(0) NULL DEFAULT NULL COMMENT '更新者',
  `update_date` datetime(0) NULL DEFAULT NULL COMMENT '更新时间',
  PRIMARY KEY (`id`) USING BTREE,
  INDEX `idx_pid`(`pid`) USING BTREE,
  INDEX `idx_sort`(`sort`) USING BTREE
) ENGINE = InnoDB CHARACTER SET = utf8mb4 COLLATE = utf8mb4_0900_ai_ci COMMENT = '菜单管理' ROW_FORMAT = Dynamic;

-- ----------------------------
-- Records of sys_menu
-- ----------------------------
INSERT INTO `sys_menu` VALUES (1067246875800000002, 0, '权限管理', NULL, NULL, 0, 'icon-safetycertificate', 1, 1067246875800000001, '2022-08-17 15:09:11', 1067246875800000001, '2022-08-21 17:19:29');
INSERT INTO `sys_menu` VALUES (1067246875800000003, 1067246875800000055, '新增', NULL, 'sys:user:save,sys:dept:list,sys:role:list', 1, NULL, 1, 1067246875800000001, '2022-08-17 15:09:11', 1067246875800000001, '2022-08-17 15:09:11');
INSERT INTO `sys_menu` VALUES (1067246875800000004, 1067246875800000055, '修改', NULL, 'sys:user:update,sys:dept:list,sys:role:list', 1, NULL, 2, 1067246875800000001, '2022-08-17 15:09:11', 1067246875800000001, '2022-08-17 15:09:11');
INSERT INTO `sys_menu` VALUES (1067246875800000005, 1067246875800000055, '删除', NULL, 'sys:user:delete', 1, NULL, 3, 1067246875800000001, '2022-08-17 15:09:11', 1067246875800000001, '2022-08-17 15:09:11');
INSERT INTO `sys_menu` VALUES (1067246875800000006, 1067246875800000055, '导出', NULL, 'sys:user:export', 1, NULL, 4, 1067246875800000001, '2022-08-17 15:09:11', 1067246875800000001, '2022-08-17 15:09:11');
INSERT INTO `sys_menu` VALUES (1067246875800000007, 1067246875800000002, '角色管理', 'sys/role', NULL, 0, 'icon-team', 2, 1067246875800000001, '2022-08-17 15:09:11', 1067246875800000001, '2022-08-17 15:09:11');
INSERT INTO `sys_menu` VALUES (1067246875800000008, 1067246875800000007, '查看', NULL, 'sys:role:page,sys:role:info', 1, NULL, 0, 1067246875800000001, '2022-08-17 15:09:11', 1067246875800000001, '2022-08-17 15:09:11');
INSERT INTO `sys_menu` VALUES (1067246875800000009, 1067246875800000007, '新增', NULL, 'sys:role:save,sys:menu:select,sys:dept:list', 1, NULL, 1, 1067246875800000001, '2022-08-17 15:09:11', 1067246875800000001, '2022-08-17 15:09:11');
INSERT INTO `sys_menu` VALUES (1067246875800000010, 1067246875800000007, '修改', NULL, 'sys:role:update,sys:menu:select,sys:dept:list', 1, NULL, 2, 1067246875800000001, '2022-08-17 15:09:11', 1067246875800000001, '2022-08-17 15:09:11');
INSERT INTO `sys_menu` VALUES (1067246875800000011, 1067246875800000007, '删除', NULL, 'sys:role:delete', 1, NULL, 3, 1067246875800000001, '2022-08-17 15:09:11', 1067246875800000001, '2022-08-17 15:09:11');
INSERT INTO `sys_menu` VALUES (1067246875800000012, 1067246875800000002, '部门管理', 'sys/dept', NULL, 0, 'icon-apartment', 1, 1067246875800000001, '2022-08-17 15:09:11', 1067246875800000001, '2022-08-17 15:09:11');
INSERT INTO `sys_menu` VALUES (1067246875800000014, 1067246875800000012, '查看', NULL, 'sys:dept:list,sys:dept:info', 1, NULL, 0, 1067246875800000001, '2022-08-17 15:09:11', 1067246875800000001, '2022-08-17 15:09:11');
INSERT INTO `sys_menu` VALUES (1067246875800000015, 1067246875800000012, '新增', NULL, 'sys:dept:save', 1, NULL, 1, 1067246875800000001, '2022-08-17 15:09:11', 1067246875800000001, '2022-08-17 15:09:11');
INSERT INTO `sys_menu` VALUES (1067246875800000016, 1067246875800000012, '修改', NULL, 'sys:dept:update', 1, NULL, 2, 1067246875800000001, '2022-08-17 15:09:11', 1067246875800000001, '2022-08-17 15:09:11');
INSERT INTO `sys_menu` VALUES (1067246875800000017, 1067246875800000012, '删除', NULL, 'sys:dept:delete', 1, NULL, 3, 1067246875800000001, '2022-08-17 15:09:11', 1067246875800000001, '2022-08-17 15:09:11');
INSERT INTO `sys_menu` VALUES (1067246875800000025, 1067246875800000035, '菜单管理', 'sys/menu', NULL, 0, 'icon-unorderedlist', 0, 1067246875800000001, '2022-08-17 15:09:11', 1067246875800000001, '2022-08-17 15:09:11');
INSERT INTO `sys_menu` VALUES (1067246875800000026, 1067246875800000025, '查看', NULL, 'sys:menu:list,sys:menu:info', 1, NULL, 0, 1067246875800000001, '2022-08-17 15:09:11', 1067246875800000001, '2022-08-17 15:09:11');
INSERT INTO `sys_menu` VALUES (1067246875800000027, 1067246875800000025, '新增', NULL, 'sys:menu:save', 1, NULL, 1, 1067246875800000001, '2022-08-17 15:09:11', 1067246875800000001, '2022-08-17 15:09:11');
INSERT INTO `sys_menu` VALUES (1067246875800000028, 1067246875800000025, '修改', NULL, 'sys:menu:update', 1, NULL, 2, 1067246875800000001, '2022-08-17 15:09:11', 1067246875800000001, '2022-08-17 15:09:11');
INSERT INTO `sys_menu` VALUES (1067246875800000029, 1067246875800000025, '删除', NULL, 'sys:menu:delete', 1, NULL, 3, 1067246875800000001, '2022-08-17 15:09:11', 1067246875800000001, '2022-08-17 15:09:11');
INSERT INTO `sys_menu` VALUES (1067246875800000030, 1067246875800000035, '定时任务', 'job/schedule', NULL, 0, 'icon-dashboard', 3, 1067246875800000001, '2022-08-17 15:09:11', 1067246875800000001, '2022-08-17 15:09:11');
INSERT INTO `sys_menu` VALUES (1067246875800000031, 1067246875800000030, '查看', NULL, 'sys:schedule:page,sys:schedule:info', 1, NULL, 0, 1067246875800000001, '2022-08-17 15:09:11', 1067246875800000001, '2022-08-17 15:09:11');
INSERT INTO `sys_menu` VALUES (1067246875800000032, 1067246875800000030, '新增', NULL, 'sys:schedule:save', 1, NULL, 1, 1067246875800000001, '2022-08-17 15:09:11', 1067246875800000001, '2022-08-17 15:09:11');
INSERT INTO `sys_menu` VALUES (1067246875800000033, 1067246875800000030, '修改', NULL, 'sys:schedule:update', 1, NULL, 2, 1067246875800000001, '2022-08-17 15:09:11', 1067246875800000001, '2022-08-17 15:09:11');
INSERT INTO `sys_menu` VALUES (1067246875800000034, 1067246875800000030, '删除', NULL, 'sys:schedule:delete', 1, NULL, 3, 1067246875800000001, '2022-08-17 15:09:11', 1067246875800000001, '2022-08-17 15:09:11');
INSERT INTO `sys_menu` VALUES (1067246875800000035, 0, '系统设置', NULL, NULL, 0, 'icon-setting', 10, 1067246875800000001, '2022-08-17 15:09:11', 1067246875800000001, '2022-08-21 17:37:46');
INSERT INTO `sys_menu` VALUES (1067246875800000036, 1067246875800000030, '暂停', NULL, 'sys:schedule:pause', 1, NULL, 4, 1067246875800000001, '2022-08-17 15:09:11', 1067246875800000001, '2022-08-17 15:09:11');
INSERT INTO `sys_menu` VALUES (1067246875800000037, 1067246875800000030, '恢复', NULL, 'sys:schedule:resume', 1, NULL, 5, 1067246875800000001, '2022-08-17 15:09:11', 1067246875800000001, '2022-08-17 15:09:11');
INSERT INTO `sys_menu` VALUES (1067246875800000038, 1067246875800000030, '立即执行', NULL, 'sys:schedule:run', 1, NULL, 6, 1067246875800000001, '2022-08-17 15:09:11', 1067246875800000001, '2022-08-17 15:09:11');
INSERT INTO `sys_menu` VALUES (1067246875800000039, 1067246875800000030, '日志列表', NULL, 'sys:schedule:log', 1, NULL, 7, 1067246875800000001, '2022-08-17 15:09:11', 1067246875800000001, '2022-08-17 15:09:11');
INSERT INTO `sys_menu` VALUES (1067246875800000040, 1067246875800000035, '参数管理', 'sys/params', '', 0, 'icon-fileprotect', 1, 1067246875800000001, '2022-08-17 15:09:11', 1067246875800000001, '2022-08-17 15:09:11');
INSERT INTO `sys_menu` VALUES (1067246875800000041, 1067246875800000035, '字典管理', 'sys/dict-type', NULL, 0, 'icon-golden-fill', 2, 1067246875800000001, '2022-08-17 15:09:11', 1067246875800000001, '2022-08-17 15:09:11');
INSERT INTO `sys_menu` VALUES (1067246875800000042, 1067246875800000041, '查看', NULL, 'sys:dict:page,sys:dict:info', 1, NULL, 0, 1067246875800000001, '2022-08-17 15:09:11', 1067246875800000001, '2022-08-17 15:09:11');
INSERT INTO `sys_menu` VALUES (1067246875800000043, 1067246875800000041, '新增', NULL, 'sys:dict:save', 1, NULL, 1, 1067246875800000001, '2022-08-17 15:09:11', 1067246875800000001, '2022-08-17 15:09:11');
INSERT INTO `sys_menu` VALUES (1067246875800000044, 1067246875800000041, '修改', NULL, 'sys:dict:update', 1, NULL, 2, 1067246875800000001, '2022-08-17 15:09:11', 1067246875800000001, '2022-08-17 15:09:11');
INSERT INTO `sys_menu` VALUES (1067246875800000045, 1067246875800000041, '删除', NULL, 'sys:dict:delete', 1, NULL, 3, 1067246875800000001, '2022-08-17 15:09:11', 1067246875800000001, '2022-08-17 15:09:11');
INSERT INTO `sys_menu` VALUES (1067246875800000046, 0, '日志管理', NULL, NULL, 0, 'icon-container', 8, 1067246875800000001, '2022-08-17 15:09:11', 1067246875800000001, '2022-08-17 18:10:42');
INSERT INTO `sys_menu` VALUES (1067246875800000047, 1067246875800000035, '文件上传', 'oss/oss', 'sys:oss:all', 0, 'icon-upload', 4, 1067246875800000001, '2022-08-17 15:09:11', 1067246875800000001, '2022-08-17 15:09:11');
INSERT INTO `sys_menu` VALUES (1067246875800000048, 1067246875800000046, '登录日志', 'sys/log-login', 'sys:log:login', 0, 'icon-filedone', 0, 1067246875800000001, '2022-08-17 15:09:11', 1067246875800000001, '2022-08-17 15:09:11');
INSERT INTO `sys_menu` VALUES (1067246875800000049, 1067246875800000046, '操作日志', 'sys/log-operation', 'sys:log:operation', 0, 'icon-solution', 1, 1067246875800000001, '2022-08-17 15:09:11', 1067246875800000001, '2022-08-17 15:09:11');
INSERT INTO `sys_menu` VALUES (1067246875800000050, 1067246875800000046, '异常日志', 'sys/log-error', 'sys:log:error', 0, 'icon-file-exception', 2, 1067246875800000001, '2022-08-17 15:09:11', 1067246875800000001, '2022-08-17 15:09:11');
INSERT INTO `sys_menu` VALUES (1067246875800000051, 1067246875800000053, 'SQL监控', '{{ window.SITE_CONFIG[\"apiURL\"] }}/druid/sql.html', NULL, 0, 'icon-database', 0, 1067246875800000001, '2022-08-17 15:09:11', 1067246875800000001, '2022-08-17 15:09:11');
INSERT INTO `sys_menu` VALUES (1067246875800000053, 0, '系统监控', NULL, NULL, 0, 'icon-desktop', 9, 1067246875800000001, '2022-08-17 15:09:11', 1067246875800000001, '2022-08-17 18:10:38');
INSERT INTO `sys_menu` VALUES (1067246875800000055, 1067246875800000002, '用户管理', 'sys/user', NULL, 0, 'icon-user', 0, 1067246875800000001, '2022-08-17 15:09:11', 1067246875800000001, '2022-08-17 15:09:11');
INSERT INTO `sys_menu` VALUES (1067246875800000056, 1067246875800000055, '查看', NULL, 'sys:user:page,sys:user:info', 1, NULL, 0, 1067246875800000001, '2022-08-17 15:09:11', 1067246875800000001, '2022-08-17 15:09:11');
INSERT INTO `sys_menu` VALUES (1067246875800000057, 1067246875800000040, '新增', NULL, 'sys:params:save', 1, NULL, 1, 1067246875800000001, '2022-08-17 15:09:11', 1067246875800000001, '2022-08-17 15:09:11');
INSERT INTO `sys_menu` VALUES (1067246875800000058, 1067246875800000040, '导出', NULL, 'sys:params:export', 1, NULL, 4, 1067246875800000001, '2022-08-17 15:09:11', 1067246875800000001, '2022-08-17 15:09:11');
INSERT INTO `sys_menu` VALUES (1067246875800000059, 1067246875800000040, '查看', '', 'sys:params:page,sys:params:info', 1, NULL, 0, 1067246875800000001, '2022-08-17 15:09:11', 1067246875800000001, '2022-08-17 15:09:11');
INSERT INTO `sys_menu` VALUES (1067246875800000060, 1067246875800000040, '修改', NULL, 'sys:params:update', 1, NULL, 2, 1067246875800000001, '2022-08-17 15:09:11', 1067246875800000001, '2022-08-17 15:09:11');
INSERT INTO `sys_menu` VALUES (1067246875800000061, 1067246875800000040, '删除', '', 'sys:params:delete', 1, '', 3, 1067246875800000001, '2022-08-17 15:09:11', 1067246875800000001, '2022-08-17 15:09:11');
INSERT INTO `sys_menu` VALUES (1156748733921165314, 1067246875800000053, '接口文档', '{{ window.SITE_CONFIG[\"apiURL\"] }}/doc.html', '', 0, 'icon-file-word', 1, 1067246875800000001, '2022-08-17 15:09:11', 1067246875800000001, '2022-08-17 15:09:11');
INSERT INTO `sys_menu` VALUES (1559834220321353729, 1559844326987538433, '购物车', 'takeout/shoppingcart', NULL, 0, 'icon-desktop', 0, 1067246875800000001, '2022-08-17 17:57:49', 1067246875800000001, '2022-08-17 18:07:33');
INSERT INTO `sys_menu` VALUES (1559834220321353730, 1559834220321353729, '查看', NULL, 'takeout:shoppingcart:page,takeout:shoppingcart:info', 1, NULL, 0, 1067246875800000001, '2022-08-17 17:57:49', 1067246875800000001, '2022-08-17 17:57:49');
INSERT INTO `sys_menu` VALUES (1559834220321353731, 1559834220321353729, '新增', NULL, 'takeout:shoppingcart:save', 1, NULL, 1, 1067246875800000001, '2022-08-17 17:57:49', 1067246875800000001, '2022-08-17 17:57:49');
INSERT INTO `sys_menu` VALUES (1559834220321353732, 1559834220321353729, '修改', NULL, 'takeout:shoppingcart:update', 1, NULL, 2, 1067246875800000001, '2022-08-17 17:57:49', 1067246875800000001, '2022-08-17 17:57:49');
INSERT INTO `sys_menu` VALUES (1559834220321353733, 1559834220321353729, '删除', NULL, 'takeout:shoppingcart:delete', 1, NULL, 3, 1067246875800000001, '2022-08-17 17:57:49', 1067246875800000001, '2022-08-17 17:57:49');
INSERT INTO `sys_menu` VALUES (1559834220321353734, 1559834220321353729, '导出', NULL, 'takeout:shoppingcart:export', 1, NULL, 4, 1067246875800000001, '2022-08-17 17:57:49', 1067246875800000001, '2022-08-17 17:57:49');
INSERT INTO `sys_menu` VALUES (1559834220321353740, 1559843161717612545, '套餐菜品关系', 'takeout/setmealdish', NULL, 0, 'icon-desktop', 0, 1067246875800000001, '2022-08-17 17:57:46', 1067246875800000001, '2022-08-17 18:03:02');
INSERT INTO `sys_menu` VALUES (1559834220321353741, 1559834220321353740, '查看', NULL, 'takeout:setmealdish:page,takeout:setmealdish:info', 1, NULL, 0, 1067246875800000001, '2022-08-17 17:57:46', 1067246875800000001, '2022-08-17 17:57:46');
INSERT INTO `sys_menu` VALUES (1559834220321353742, 1559834220321353740, '新增', NULL, 'takeout:setmealdish:save', 1, NULL, 1, 1067246875800000001, '2022-08-17 17:57:46', 1067246875800000001, '2022-08-17 17:57:46');
INSERT INTO `sys_menu` VALUES (1559834220321353743, 1559834220321353740, '修改', NULL, 'takeout:setmealdish:update', 1, NULL, 2, 1067246875800000001, '2022-08-17 17:57:46', 1067246875800000001, '2022-08-17 17:57:46');
INSERT INTO `sys_menu` VALUES (1559834220321353744, 1559834220321353740, '删除', NULL, 'takeout:setmealdish:delete', 1, NULL, 3, 1067246875800000001, '2022-08-17 17:57:46', 1067246875800000001, '2022-08-17 17:57:46');
INSERT INTO `sys_menu` VALUES (1559834220321353745, 1559834220321353740, '导出', NULL, 'takeout:setmealdish:export', 1, NULL, 4, 1067246875800000001, '2022-08-17 17:57:46', 1067246875800000001, '2022-08-17 17:57:46');
INSERT INTO `sys_menu` VALUES (1559834220384268290, 1559843161717612545, '套餐', 'takeout/setmeal', NULL, 0, 'icon-desktop', 1, 1067246875800000001, '2022-08-17 17:57:43', 1067246875800000001, '2022-08-17 18:03:14');
INSERT INTO `sys_menu` VALUES (1559834220384268291, 1559834220384268290, '查看', NULL, 'takeout:setmeal:page,takeout:setmeal:info', 1, NULL, 0, 1067246875800000001, '2022-08-17 17:57:43', 1067246875800000001, '2022-08-17 17:57:43');
INSERT INTO `sys_menu` VALUES (1559834220384268292, 1559834220384268290, '新增', NULL, 'takeout:setmeal:save', 1, NULL, 1, 1067246875800000001, '2022-08-17 17:57:43', 1067246875800000001, '2022-08-17 17:57:43');
INSERT INTO `sys_menu` VALUES (1559834220384268293, 1559834220384268290, '修改', NULL, 'takeout:setmeal:update', 1, NULL, 2, 1067246875800000001, '2022-08-17 17:57:43', 1067246875800000001, '2022-08-17 17:57:43');
INSERT INTO `sys_menu` VALUES (1559834220384268294, 1559834220384268290, '删除', NULL, 'takeout:setmeal:delete', 1, NULL, 3, 1067246875800000001, '2022-08-17 17:57:43', 1067246875800000001, '2022-08-17 17:57:43');
INSERT INTO `sys_menu` VALUES (1559834220384268295, 1559834220384268290, '导出', NULL, 'takeout:setmeal:export', 1, NULL, 4, 1067246875800000001, '2022-08-17 17:57:43', 1067246875800000001, '2022-08-17 17:57:43');
INSERT INTO `sys_menu` VALUES (1559834220447182850, 1559842955370438657, '菜品口味关系表', 'takeout/dishflavor', NULL, 0, 'icon-desktop', 1, 1067246875800000001, '2022-08-17 17:57:34', 1067246875800000001, '2022-08-17 18:03:34');
INSERT INTO `sys_menu` VALUES (1559834220447182851, 1559834220447182850, '查看', NULL, 'takeout:dishflavor:page,takeout:dishflavor:info', 1, NULL, 0, 1067246875800000001, '2022-08-17 17:57:34', 1067246875800000001, '2022-08-17 17:57:34');
INSERT INTO `sys_menu` VALUES (1559834220447182852, 1559834220447182850, '新增', NULL, 'takeout:dishflavor:save', 1, NULL, 1, 1067246875800000001, '2022-08-17 17:57:34', 1067246875800000001, '2022-08-17 17:57:34');
INSERT INTO `sys_menu` VALUES (1559834220447182853, 1559834220447182850, '修改', NULL, 'takeout:dishflavor:update', 1, NULL, 2, 1067246875800000001, '2022-08-17 17:57:34', 1067246875800000001, '2022-08-17 17:57:34');
INSERT INTO `sys_menu` VALUES (1559834220447182854, 1559834220447182850, '删除', NULL, 'takeout:dishflavor:delete', 1, NULL, 3, 1067246875800000001, '2022-08-17 17:57:34', 1067246875800000001, '2022-08-17 17:57:34');
INSERT INTO `sys_menu` VALUES (1559834220447182855, 1559834220447182850, '导出', NULL, 'takeout:dishflavor:export', 1, NULL, 4, 1067246875800000001, '2022-08-17 17:57:34', 1067246875800000001, '2022-08-17 17:57:34');
INSERT INTO `sys_menu` VALUES (1559834220514291713, 1559842955370438657, '菜品管理', 'takeout/dish', NULL, 0, 'icon-desktop', 0, 1067246875800000001, '2022-08-17 17:57:28', 1067246875800000001, '2022-08-17 18:03:26');
INSERT INTO `sys_menu` VALUES (1559834220514291714, 1559834220514291713, '查看', NULL, 'takeout:dish:page,takeout:dish:info', 1, NULL, 0, 1067246875800000001, '2022-08-17 17:57:28', 1067246875800000001, '2022-08-17 17:57:28');
INSERT INTO `sys_menu` VALUES (1559834220514291715, 1559834220514291713, '新增', NULL, 'takeout:dish:save', 1, NULL, 1, 1067246875800000001, '2022-08-17 17:57:28', 1067246875800000001, '2022-08-17 17:57:28');
INSERT INTO `sys_menu` VALUES (1559834220514291716, 1559834220514291713, '修改', NULL, 'takeout:dish:update', 1, NULL, 2, 1067246875800000001, '2022-08-17 17:57:28', 1067246875800000001, '2022-08-17 17:57:28');
INSERT INTO `sys_menu` VALUES (1559834220514291717, 1559834220514291713, '删除', NULL, 'takeout:dish:delete', 1, NULL, 3, 1067246875800000001, '2022-08-17 17:57:28', 1067246875800000001, '2022-08-17 17:57:28');
INSERT INTO `sys_menu` VALUES (1559834220514291718, 1559834220514291713, '导出', NULL, 'takeout:dish:export', 1, NULL, 4, 1067246875800000001, '2022-08-17 17:57:28', 1067246875800000001, '2022-08-17 17:57:28');
INSERT INTO `sys_menu` VALUES (1559834220514291724, 1559842955370438657, '菜品及套餐分类', 'takeout/category', NULL, 0, 'icon-desktop', 2, 1067246875800000001, '2022-08-17 17:57:24', 1067246875800000001, '2022-08-17 18:03:48');
INSERT INTO `sys_menu` VALUES (1559834220514291725, 1559834220514291724, '查看', NULL, 'takeout:category:page,takeout:category:info', 1, NULL, 0, 1067246875800000001, '2022-08-17 17:57:24', 1067246875800000001, '2022-08-17 17:57:24');
INSERT INTO `sys_menu` VALUES (1559834220514291726, 1559834220514291724, '新增', NULL, 'takeout:category:save', 1, NULL, 1, 1067246875800000001, '2022-08-17 17:57:24', 1067246875800000001, '2022-08-17 17:57:24');
INSERT INTO `sys_menu` VALUES (1559834220514291727, 1559834220514291724, '修改', NULL, 'takeout:category:update', 1, NULL, 2, 1067246875800000001, '2022-08-17 17:57:24', 1067246875800000001, '2022-08-17 17:57:24');
INSERT INTO `sys_menu` VALUES (1559834220514291728, 1559834220514291724, '删除', NULL, 'takeout:category:delete', 1, NULL, 3, 1067246875800000001, '2022-08-17 17:57:24', 1067246875800000001, '2022-08-17 17:57:24');
INSERT INTO `sys_menu` VALUES (1559834220514291729, 1559834220514291724, '导出', NULL, 'takeout:category:export', 1, NULL, 4, 1067246875800000001, '2022-08-17 17:57:24', 1067246875800000001, '2022-08-17 17:57:24');
INSERT INTO `sys_menu` VALUES (1559834220577206273, 1559841063068246018, '地址管理', 'takeout/addressbook', NULL, 0, 'icon-desktop', 0, 1067246875800000001, '2022-08-17 17:47:50', 1067246875800000001, '2022-08-17 17:55:22');
INSERT INTO `sys_menu` VALUES (1559834220577206274, 1559834220577206273, '查看', NULL, 'takeout:addressbook:page,takeout:addressbook:info', 1, NULL, 0, 1067246875800000001, '2022-08-17 17:47:50', 1067246875800000001, '2022-08-17 17:47:50');
INSERT INTO `sys_menu` VALUES (1559834220577206275, 1559834220577206273, '新增', NULL, 'takeout:addressbook:save', 1, NULL, 1, 1067246875800000001, '2022-08-17 17:47:50', 1067246875800000001, '2022-08-17 17:47:50');
INSERT INTO `sys_menu` VALUES (1559834220577206276, 1559834220577206273, '修改', NULL, 'takeout:addressbook:update', 1, NULL, 2, 1067246875800000001, '2022-08-17 17:47:50', 1067246875800000001, '2022-08-17 17:47:50');
INSERT INTO `sys_menu` VALUES (1559834220577206277, 1559834220577206273, '删除', NULL, 'takeout:addressbook:delete', 1, NULL, 3, 1067246875800000001, '2022-08-17 17:47:50', 1067246875800000001, '2022-08-17 17:47:50');
INSERT INTO `sys_menu` VALUES (1559834220577206278, 1559834220577206273, '导出', NULL, 'takeout:addressbook:export', 1, NULL, 4, 1067246875800000001, '2022-08-17 17:47:50', 1067246875800000001, '2022-08-17 17:47:50');
INSERT INTO `sys_menu` VALUES (1559834220644315137, 1559842673764868098, '会员列表', 'takeout/user', NULL, 0, 'icon-desktop', 0, 1067246875800000001, '2022-08-17 17:57:52', 1067246875800000001, '2022-08-17 18:04:05');
INSERT INTO `sys_menu` VALUES (1559834220644315138, 1559834220644315137, '查看', NULL, 'takeout:user:page,takeout:user:info', 1, NULL, 0, 1067246875800000001, '2022-08-17 17:57:52', 1067246875800000001, '2022-08-17 17:57:52');
INSERT INTO `sys_menu` VALUES (1559834220644315139, 1559834220644315137, '新增', NULL, 'takeout:user:save', 1, NULL, 1, 1067246875800000001, '2022-08-17 17:57:52', 1067246875800000001, '2022-08-17 17:57:52');
INSERT INTO `sys_menu` VALUES (1559834220644315140, 1559834220644315137, '修改', NULL, 'takeout:user:update', 1, NULL, 2, 1067246875800000001, '2022-08-17 17:57:52', 1067246875800000001, '2022-08-17 17:57:52');
INSERT INTO `sys_menu` VALUES (1559834220644315141, 1559834220644315137, '删除', NULL, 'takeout:user:delete', 1, NULL, 3, 1067246875800000001, '2022-08-17 17:57:52', 1067246875800000001, '2022-08-17 17:57:52');
INSERT INTO `sys_menu` VALUES (1559834220644315142, 1559834220644315137, '导出', NULL, 'takeout:user:export', 1, NULL, 4, 1067246875800000001, '2022-08-17 17:57:52', 1067246875800000001, '2022-08-17 17:57:52');
INSERT INTO `sys_menu` VALUES (1559834220707229698, 1559842433355751425, '订单明细表', 'takeout/orderdetail', NULL, 0, 'icon-desktop', 1, 1067246875800000001, '2022-08-17 17:57:37', 1067246875800000001, '2022-08-17 18:04:34');
INSERT INTO `sys_menu` VALUES (1559834220707229699, 1559834220707229698, '查看', NULL, 'takeout:orderdetail:page,takeout:orderdetail:info', 1, NULL, 0, 1067246875800000001, '2022-08-17 17:57:37', 1067246875800000001, '2022-08-17 17:57:37');
INSERT INTO `sys_menu` VALUES (1559834220707229700, 1559834220707229698, '新增', NULL, 'takeout:orderdetail:save', 1, NULL, 1, 1067246875800000001, '2022-08-17 17:57:37', 1067246875800000001, '2022-08-17 17:57:37');
INSERT INTO `sys_menu` VALUES (1559834220707229701, 1559834220707229698, '修改', NULL, 'takeout:orderdetail:update', 1, NULL, 2, 1067246875800000001, '2022-08-17 17:57:37', 1067246875800000001, '2022-08-17 17:57:37');
INSERT INTO `sys_menu` VALUES (1559834220707229702, 1559834220707229698, '删除', NULL, 'takeout:orderdetail:delete', 1, NULL, 3, 1067246875800000001, '2022-08-17 17:57:37', 1067246875800000001, '2022-08-17 17:57:37');
INSERT INTO `sys_menu` VALUES (1559834220707229703, 1559834220707229698, '导出', NULL, 'takeout:orderdetail:export', 1, NULL, 4, 1067246875800000001, '2022-08-17 17:57:37', 1067246875800000001, '2022-08-17 17:57:37');
INSERT INTO `sys_menu` VALUES (1559834220707229709, 1559842433355751425, '订单表', 'takeout/orders', NULL, 0, 'icon-desktop', 0, 1067246875800000001, '2022-08-17 17:57:40', 1067246875800000001, '2022-08-17 18:04:29');
INSERT INTO `sys_menu` VALUES (1559834220707229710, 1559834220707229709, '查看', NULL, 'takeout:orders:page,takeout:orders:info', 1, NULL, 0, 1067246875800000001, '2022-08-17 17:57:40', 1067246875800000001, '2022-08-17 17:57:40');
INSERT INTO `sys_menu` VALUES (1559834220707229711, 1559834220707229709, '新增', NULL, 'takeout:orders:save', 1, NULL, 1, 1067246875800000001, '2022-08-17 17:57:40', 1067246875800000001, '2022-08-17 17:57:40');
INSERT INTO `sys_menu` VALUES (1559834220707229712, 1559834220707229709, '修改', NULL, 'takeout:orders:update', 1, NULL, 2, 1067246875800000001, '2022-08-17 17:57:40', 1067246875800000001, '2022-08-17 17:57:40');
INSERT INTO `sys_menu` VALUES (1559834220707229713, 1559834220707229709, '删除', NULL, 'takeout:orders:delete', 1, NULL, 3, 1067246875800000001, '2022-08-17 17:57:40', 1067246875800000001, '2022-08-17 17:57:40');
INSERT INTO `sys_menu` VALUES (1559834220707229714, 1559834220707229709, '导出', NULL, 'takeout:orders:export', 1, NULL, 4, 1067246875800000001, '2022-08-17 17:57:40', 1067246875800000001, '2022-08-17 17:57:40');
INSERT INTO `sys_menu` VALUES (1559841063068246018, 0, '地址管理', '', '', 0, 'icon-location', 4, 1067246875800000001, '2022-08-17 17:54:25', 1067246875800000001, '2022-08-17 17:54:25');
INSERT INTO `sys_menu` VALUES (1559842433355751425, 0, '订单管理', '', '', 0, 'icon-detail', 2, 1067246875800000001, '2022-08-17 17:59:51', 1067246875800000001, '2022-08-17 18:08:54');
INSERT INTO `sys_menu` VALUES (1559842673764868098, 0, '会员管理', '', '', 0, 'icon-team', 3, 1067246875800000001, '2022-08-17 18:00:49', 1067246875800000001, '2022-08-21 17:19:46');
INSERT INTO `sys_menu` VALUES (1559842955370438657, 0, '菜品管理', '', '', 0, 'icon-bell', 5, 1067246875800000001, '2022-08-17 18:01:56', 1067246875800000001, '2022-08-21 17:19:53');
INSERT INTO `sys_menu` VALUES (1559843161717612545, 0, '套餐管理', '', '', 0, 'icon-appstore', 6, 1067246875800000001, '2022-08-17 18:02:45', 1067246875800000001, '2022-08-21 17:19:56');
INSERT INTO `sys_menu` VALUES (1559844326987538433, 0, '购物车管理', '', '', 0, 'icon-gold', 7, 1067246875800000001, '2022-08-17 18:07:23', 1067246875800000001, '2022-08-21 17:37:50');
INSERT INTO `sys_menu` VALUES (1560149695865577474, 1559834220707229709, '查看订单详情', '', 'takeout:orderdetail:detailInfo', 1, NULL, 0, 1067246875800000001, '2022-08-18 14:20:48', 1067246875800000001, '2022-08-18 14:23:36');
INSERT INTO `sys_menu` VALUES (1560282535081062401, 1559842955370438657, '查看分类', '', 'takeout:category:list', 1, '', 0, 1067246875800000001, '2022-08-18 23:08:40', 1067246875800000001, '2022-08-18 23:08:40');
INSERT INTO `sys_menu` VALUES (1560611165539667969, 1559842955370438657, '文件上传', '', 'takeout:common:upload', 1, '', 0, 1067246875800000001, '2022-08-19 20:54:31', 1067246875800000001, '2022-08-19 20:54:31');
INSERT INTO `sys_menu` VALUES (1560995289085517825, 1559843161717612545, '查看菜品', '', 'takeout:dish:list', 1, '', 0, 1067246875800000001, '2022-08-20 22:20:53', 1067246875800000001, '2022-08-20 22:20:53');
INSERT INTO `sys_menu` VALUES (1561281601567023105, 0, '运营统计', '/report', '', 0, 'icon-piechart', 0, 1067246875800000001, '2022-08-21 17:18:36', 1067246875800000001, '2022-08-21 17:18:36');

-- ----------------------------
-- Table structure for sys_oss
-- ----------------------------
DROP TABLE IF EXISTS `sys_oss`;
CREATE TABLE `sys_oss`  (
  `id` bigint(0) NOT NULL COMMENT 'id',
  `url` varchar(200) CHARACTER SET utf8mb4 COLLATE utf8mb4_0900_ai_ci NULL DEFAULT NULL COMMENT 'URL地址',
  `creator` bigint(0) NULL DEFAULT NULL COMMENT '创建者',
  `create_date` datetime(0) NULL DEFAULT NULL COMMENT '创建时间',
  PRIMARY KEY (`id`) USING BTREE,
  INDEX `idx_create_date`(`create_date`) USING BTREE
) ENGINE = InnoDB CHARACTER SET = utf8mb4 COLLATE = utf8mb4_0900_ai_ci COMMENT = '文件上传' ROW_FORMAT = Dynamic;

-- ----------------------------
-- Records of sys_oss
-- ----------------------------

-- ----------------------------
-- Table structure for sys_params
-- ----------------------------
DROP TABLE IF EXISTS `sys_params`;
CREATE TABLE `sys_params`  (
  `id` bigint(0) NOT NULL COMMENT 'id',
  `param_code` varchar(32) CHARACTER SET utf8mb4 COLLATE utf8mb4_0900_ai_ci NULL DEFAULT NULL COMMENT '参数编码',
  `param_value` varchar(2000) CHARACTER SET utf8mb4 COLLATE utf8mb4_0900_ai_ci NULL DEFAULT NULL COMMENT '参数值',
  `param_type` tinyint(0) UNSIGNED NULL DEFAULT 1 COMMENT '类型   0：系统参数   1：非系统参数',
  `remark` varchar(200) CHARACTER SET utf8mb4 COLLATE utf8mb4_0900_ai_ci NULL DEFAULT NULL COMMENT '备注',
  `creator` bigint(0) NULL DEFAULT NULL COMMENT '创建者',
  `create_date` datetime(0) NULL DEFAULT NULL COMMENT '创建时间',
  `updater` bigint(0) NULL DEFAULT NULL COMMENT '更新者',
  `update_date` datetime(0) NULL DEFAULT NULL COMMENT '更新时间',
  PRIMARY KEY (`id`) USING BTREE,
  UNIQUE INDEX `uk_param_code`(`param_code`) USING BTREE,
  INDEX `idx_create_date`(`create_date`) USING BTREE
) ENGINE = InnoDB CHARACTER SET = utf8mb4 COLLATE = utf8mb4_0900_ai_ci COMMENT = '参数管理' ROW_FORMAT = Dynamic;

-- ----------------------------
-- Records of sys_params
-- ----------------------------
INSERT INTO `sys_params` VALUES (1067246875800000073, 'CLOUD_STORAGE_CONFIG_KEY', '{\"type\":1,\"qiniuDomain\":\"http://test.oss.renren.io\",\"qiniuPrefix\":\"upload\",\"qiniuAccessKey\":\"NrgMfABZxWLo5B-YYSjoE8-AZ1EISdi1Z3ubLOeZ\",\"qiniuSecretKey\":\"uIwJHevMRWU0VLxFvgy0tAcOdGqasdtVlJkdy6vV\",\"qiniuBucketName\":\"renren-oss\",\"aliyunDomain\":\"\",\"aliyunPrefix\":\"\",\"aliyunEndPoint\":\"\",\"aliyunAccessKeyId\":\"\",\"aliyunAccessKeySecret\":\"\",\"aliyunBucketName\":\"\",\"qcloudDomain\":\"\",\"qcloudPrefix\":\"\",\"qcloudSecretId\":\"\",\"qcloudSecretKey\":\"\",\"qcloudBucketName\":\"\"}', 0, '云存储配置信息', 1067246875800000001, '2022-08-17 15:09:11', 1067246875800000001, '2022-08-17 15:09:11');

-- ----------------------------
-- Table structure for sys_role
-- ----------------------------
DROP TABLE IF EXISTS `sys_role`;
CREATE TABLE `sys_role`  (
  `id` bigint(0) NOT NULL COMMENT 'id',
  `name` varchar(50) CHARACTER SET utf8mb4 COLLATE utf8mb4_0900_ai_ci NULL DEFAULT NULL COMMENT '角色名称',
  `remark` varchar(100) CHARACTER SET utf8mb4 COLLATE utf8mb4_0900_ai_ci NULL DEFAULT NULL COMMENT '备注',
  `dept_id` bigint(0) NULL DEFAULT NULL COMMENT '部门ID',
  `creator` bigint(0) NULL DEFAULT NULL COMMENT '创建者',
  `create_date` datetime(0) NULL DEFAULT NULL COMMENT '创建时间',
  `updater` bigint(0) NULL DEFAULT NULL COMMENT '更新者',
  `update_date` datetime(0) NULL DEFAULT NULL COMMENT '更新时间',
  PRIMARY KEY (`id`) USING BTREE,
  INDEX `idx_dept_id`(`dept_id`) USING BTREE
) ENGINE = InnoDB CHARACTER SET = utf8mb4 COLLATE = utf8mb4_0900_ai_ci COMMENT = '角色管理' ROW_FORMAT = Dynamic;

-- ----------------------------
-- Records of sys_role
-- ----------------------------
INSERT INTO `sys_role` VALUES (1559800922912071681, '超级管理员', '', NULL, 1067246875800000001, '2022-08-17 15:14:54', 1067246875800000001, '2022-08-17 15:14:54');
INSERT INTO `sys_role` VALUES (1559814527686549505, '普通员工', '', NULL, 1067246875800000001, '2022-08-17 16:08:58', 1067246875800000001, '2022-08-21 12:32:06');

-- ----------------------------
-- Table structure for sys_role_data_scope
-- ----------------------------
DROP TABLE IF EXISTS `sys_role_data_scope`;
CREATE TABLE `sys_role_data_scope`  (
  `id` bigint(0) NOT NULL COMMENT 'id',
  `role_id` bigint(0) NULL DEFAULT NULL COMMENT '角色ID',
  `dept_id` bigint(0) NULL DEFAULT NULL COMMENT '部门ID',
  `creator` bigint(0) NULL DEFAULT NULL COMMENT '创建者',
  `create_date` datetime(0) NULL DEFAULT NULL COMMENT '创建时间',
  PRIMARY KEY (`id`) USING BTREE,
  INDEX `idx_role_id`(`role_id`) USING BTREE
) ENGINE = InnoDB CHARACTER SET = utf8mb4 COLLATE = utf8mb4_0900_ai_ci COMMENT = '角色数据权限' ROW_FORMAT = Dynamic;

-- ----------------------------
-- Records of sys_role_data_scope
-- ----------------------------
INSERT INTO `sys_role_data_scope` VALUES (1561209503964291074, 1559814527686549505, 1559803880886247426, 1067246875800000001, '2022-08-21 12:32:06');

-- ----------------------------
-- Table structure for sys_role_menu
-- ----------------------------
DROP TABLE IF EXISTS `sys_role_menu`;
CREATE TABLE `sys_role_menu`  (
  `id` bigint(0) NOT NULL COMMENT 'id',
  `role_id` bigint(0) NULL DEFAULT NULL COMMENT '角色ID',
  `menu_id` bigint(0) NULL DEFAULT NULL COMMENT '菜单ID',
  `creator` bigint(0) NULL DEFAULT NULL COMMENT '创建者',
  `create_date` datetime(0) NULL DEFAULT NULL COMMENT '创建时间',
  PRIMARY KEY (`id`) USING BTREE,
  INDEX `idx_role_id`(`role_id`) USING BTREE,
  INDEX `idx_menu_id`(`menu_id`) USING BTREE
) ENGINE = InnoDB CHARACTER SET = utf8mb4 COLLATE = utf8mb4_0900_ai_ci COMMENT = '角色菜单关系' ROW_FORMAT = Dynamic;

-- ----------------------------
-- Records of sys_role_menu
-- ----------------------------
INSERT INTO `sys_role_menu` VALUES (1559800922966597634, 1559800922912071681, 1067246875800000002, 1067246875800000001, '2022-08-17 15:14:54');
INSERT INTO `sys_role_menu` VALUES (1559800922966597635, 1559800922912071681, 1067246875800000055, 1067246875800000001, '2022-08-17 15:14:54');
INSERT INTO `sys_role_menu` VALUES (1559800922974986242, 1559800922912071681, 1067246875800000056, 1067246875800000001, '2022-08-17 15:14:54');
INSERT INTO `sys_role_menu` VALUES (1559800922983374850, 1559800922912071681, 1067246875800000003, 1067246875800000001, '2022-08-17 15:14:54');
INSERT INTO `sys_role_menu` VALUES (1559800922991763458, 1559800922912071681, 1067246875800000004, 1067246875800000001, '2022-08-17 15:14:54');
INSERT INTO `sys_role_menu` VALUES (1559800923000152065, 1559800922912071681, 1067246875800000005, 1067246875800000001, '2022-08-17 15:14:54');
INSERT INTO `sys_role_menu` VALUES (1559800923008540674, 1559800922912071681, 1067246875800000006, 1067246875800000001, '2022-08-17 15:14:54');
INSERT INTO `sys_role_menu` VALUES (1559800923016929281, 1559800922912071681, 1067246875800000012, 1067246875800000001, '2022-08-17 15:14:54');
INSERT INTO `sys_role_menu` VALUES (1559800923016929282, 1559800922912071681, 1067246875800000014, 1067246875800000001, '2022-08-17 15:14:54');
INSERT INTO `sys_role_menu` VALUES (1559800923025317889, 1559800922912071681, 1067246875800000015, 1067246875800000001, '2022-08-17 15:14:54');
INSERT INTO `sys_role_menu` VALUES (1559800923033706497, 1559800922912071681, 1067246875800000016, 1067246875800000001, '2022-08-17 15:14:54');
INSERT INTO `sys_role_menu` VALUES (1559800923042095105, 1559800922912071681, 1067246875800000017, 1067246875800000001, '2022-08-17 15:14:54');
INSERT INTO `sys_role_menu` VALUES (1559800923046289409, 1559800922912071681, 1067246875800000007, 1067246875800000001, '2022-08-17 15:14:54');
INSERT INTO `sys_role_menu` VALUES (1559800923054678018, 1559800922912071681, 1067246875800000008, 1067246875800000001, '2022-08-17 15:14:54');
INSERT INTO `sys_role_menu` VALUES (1559800923063066626, 1559800922912071681, 1067246875800000009, 1067246875800000001, '2022-08-17 15:14:54');
INSERT INTO `sys_role_menu` VALUES (1559800923071455234, 1559800922912071681, 1067246875800000010, 1067246875800000001, '2022-08-17 15:14:54');
INSERT INTO `sys_role_menu` VALUES (1559800923079843842, 1559800922912071681, 1067246875800000011, 1067246875800000001, '2022-08-17 15:14:54');
INSERT INTO `sys_role_menu` VALUES (1559800923088232450, 1559800922912071681, 1067246875800000035, 1067246875800000001, '2022-08-17 15:14:54');
INSERT INTO `sys_role_menu` VALUES (1559800923096621057, 1559800922912071681, 1067246875800000025, 1067246875800000001, '2022-08-17 15:14:54');
INSERT INTO `sys_role_menu` VALUES (1559800923105009666, 1559800922912071681, 1067246875800000026, 1067246875800000001, '2022-08-17 15:14:54');
INSERT INTO `sys_role_menu` VALUES (1559800923113398273, 1559800922912071681, 1067246875800000027, 1067246875800000001, '2022-08-17 15:14:54');
INSERT INTO `sys_role_menu` VALUES (1559800923113398274, 1559800922912071681, 1067246875800000028, 1067246875800000001, '2022-08-17 15:14:54');
INSERT INTO `sys_role_menu` VALUES (1559800923130175490, 1559800922912071681, 1067246875800000029, 1067246875800000001, '2022-08-17 15:14:54');
INSERT INTO `sys_role_menu` VALUES (1559800923138564097, 1559800922912071681, 1067246875800000040, 1067246875800000001, '2022-08-17 15:14:54');
INSERT INTO `sys_role_menu` VALUES (1559800923138564098, 1559800922912071681, 1067246875800000059, 1067246875800000001, '2022-08-17 15:14:54');
INSERT INTO `sys_role_menu` VALUES (1559800923146952706, 1559800922912071681, 1067246875800000057, 1067246875800000001, '2022-08-17 15:14:54');
INSERT INTO `sys_role_menu` VALUES (1559800923163729922, 1559800922912071681, 1067246875800000060, 1067246875800000001, '2022-08-17 15:14:54');
INSERT INTO `sys_role_menu` VALUES (1559800923163729923, 1559800922912071681, 1067246875800000061, 1067246875800000001, '2022-08-17 15:14:54');
INSERT INTO `sys_role_menu` VALUES (1559800923176312833, 1559800922912071681, 1067246875800000058, 1067246875800000001, '2022-08-17 15:14:54');
INSERT INTO `sys_role_menu` VALUES (1559800923184701441, 1559800922912071681, 1067246875800000041, 1067246875800000001, '2022-08-17 15:14:54');
INSERT INTO `sys_role_menu` VALUES (1559800923193090050, 1559800922912071681, 1067246875800000042, 1067246875800000001, '2022-08-17 15:14:54');
INSERT INTO `sys_role_menu` VALUES (1559800923201478657, 1559800922912071681, 1067246875800000043, 1067246875800000001, '2022-08-17 15:14:54');
INSERT INTO `sys_role_menu` VALUES (1559800923209867266, 1559800922912071681, 1067246875800000044, 1067246875800000001, '2022-08-17 15:14:54');
INSERT INTO `sys_role_menu` VALUES (1559800923218255873, 1559800922912071681, 1067246875800000045, 1067246875800000001, '2022-08-17 15:14:54');
INSERT INTO `sys_role_menu` VALUES (1559800923226644482, 1559800922912071681, 1067246875800000030, 1067246875800000001, '2022-08-17 15:14:54');
INSERT INTO `sys_role_menu` VALUES (1559800923226644483, 1559800922912071681, 1067246875800000031, 1067246875800000001, '2022-08-17 15:14:54');
INSERT INTO `sys_role_menu` VALUES (1559800923235033090, 1559800922912071681, 1067246875800000032, 1067246875800000001, '2022-08-17 15:14:54');
INSERT INTO `sys_role_menu` VALUES (1559800923243421697, 1559800922912071681, 1067246875800000033, 1067246875800000001, '2022-08-17 15:14:54');
INSERT INTO `sys_role_menu` VALUES (1559800923251810306, 1559800922912071681, 1067246875800000034, 1067246875800000001, '2022-08-17 15:14:54');
INSERT INTO `sys_role_menu` VALUES (1559800923251810307, 1559800922912071681, 1067246875800000036, 1067246875800000001, '2022-08-17 15:14:54');
INSERT INTO `sys_role_menu` VALUES (1559800923260198913, 1559800922912071681, 1067246875800000037, 1067246875800000001, '2022-08-17 15:14:54');
INSERT INTO `sys_role_menu` VALUES (1559800923268587521, 1559800922912071681, 1067246875800000038, 1067246875800000001, '2022-08-17 15:14:54');
INSERT INTO `sys_role_menu` VALUES (1559800923281170434, 1559800922912071681, 1067246875800000039, 1067246875800000001, '2022-08-17 15:14:54');
INSERT INTO `sys_role_menu` VALUES (1559800923281170435, 1559800922912071681, 1067246875800000047, 1067246875800000001, '2022-08-17 15:14:54');
INSERT INTO `sys_role_menu` VALUES (1559800923289559042, 1559800922912071681, 1067246875800000046, 1067246875800000001, '2022-08-17 15:14:54');
INSERT INTO `sys_role_menu` VALUES (1559800923297947649, 1559800922912071681, 1067246875800000048, 1067246875800000001, '2022-08-17 15:14:54');
INSERT INTO `sys_role_menu` VALUES (1559800923306336257, 1559800922912071681, 1067246875800000049, 1067246875800000001, '2022-08-17 15:14:54');
INSERT INTO `sys_role_menu` VALUES (1559800923306336258, 1559800922912071681, 1067246875800000050, 1067246875800000001, '2022-08-17 15:14:54');
INSERT INTO `sys_role_menu` VALUES (1559800923314724865, 1559800922912071681, 1067246875800000053, 1067246875800000001, '2022-08-17 15:14:54');
INSERT INTO `sys_role_menu` VALUES (1559800923323113473, 1559800922912071681, 1067246875800000051, 1067246875800000001, '2022-08-17 15:14:54');
INSERT INTO `sys_role_menu` VALUES (1559800923327307777, 1559800922912071681, 1156748733921165314, 1067246875800000001, '2022-08-17 15:14:54');
INSERT INTO `sys_role_menu` VALUES (1561209503679078402, 1559814527686549505, 1559842673764868098, 1067246875800000001, '2022-08-21 12:32:06');
INSERT INTO `sys_role_menu` VALUES (1561209503687467010, 1559814527686549505, 1559834220644315137, 1067246875800000001, '2022-08-21 12:32:06');
INSERT INTO `sys_role_menu` VALUES (1561209503695855618, 1559814527686549505, 1559834220644315138, 1067246875800000001, '2022-08-21 12:32:06');
INSERT INTO `sys_role_menu` VALUES (1561209503695855619, 1559814527686549505, 1559834220644315139, 1067246875800000001, '2022-08-21 12:32:06');
INSERT INTO `sys_role_menu` VALUES (1561209503704244226, 1559814527686549505, 1559834220644315140, 1067246875800000001, '2022-08-21 12:32:06');
INSERT INTO `sys_role_menu` VALUES (1561209503704244227, 1559814527686549505, 1559834220644315141, 1067246875800000001, '2022-08-21 12:32:06');
INSERT INTO `sys_role_menu` VALUES (1561209503712632833, 1559814527686549505, 1559834220644315142, 1067246875800000001, '2022-08-21 12:32:06');
INSERT INTO `sys_role_menu` VALUES (1561209503721021441, 1559814527686549505, 1559842433355751425, 1067246875800000001, '2022-08-21 12:32:06');
INSERT INTO `sys_role_menu` VALUES (1561209503721021442, 1559814527686549505, 1559834220707229709, 1067246875800000001, '2022-08-21 12:32:06');
INSERT INTO `sys_role_menu` VALUES (1561209503729410050, 1559814527686549505, 1559834220707229710, 1067246875800000001, '2022-08-21 12:32:06');
INSERT INTO `sys_role_menu` VALUES (1561209503729410051, 1559814527686549505, 1560149695865577474, 1067246875800000001, '2022-08-21 12:32:06');
INSERT INTO `sys_role_menu` VALUES (1561209503737798658, 1559814527686549505, 1559834220707229711, 1067246875800000001, '2022-08-21 12:32:06');
INSERT INTO `sys_role_menu` VALUES (1561209503737798659, 1559814527686549505, 1559834220707229712, 1067246875800000001, '2022-08-21 12:32:06');
INSERT INTO `sys_role_menu` VALUES (1561209503746187265, 1559814527686549505, 1559834220707229713, 1067246875800000001, '2022-08-21 12:32:06');
INSERT INTO `sys_role_menu` VALUES (1561209503754575874, 1559814527686549505, 1559834220707229714, 1067246875800000001, '2022-08-21 12:32:06');
INSERT INTO `sys_role_menu` VALUES (1561209503754575875, 1559814527686549505, 1559834220707229698, 1067246875800000001, '2022-08-21 12:32:06');
INSERT INTO `sys_role_menu` VALUES (1561209503762964481, 1559814527686549505, 1559834220707229699, 1067246875800000001, '2022-08-21 12:32:06');
INSERT INTO `sys_role_menu` VALUES (1561209503762964482, 1559814527686549505, 1559834220707229700, 1067246875800000001, '2022-08-21 12:32:06');
INSERT INTO `sys_role_menu` VALUES (1561209503762964483, 1559814527686549505, 1559834220707229701, 1067246875800000001, '2022-08-21 12:32:06');
INSERT INTO `sys_role_menu` VALUES (1561209503771353089, 1559814527686549505, 1559834220707229702, 1067246875800000001, '2022-08-21 12:32:06');
INSERT INTO `sys_role_menu` VALUES (1561209503771353090, 1559814527686549505, 1559834220707229703, 1067246875800000001, '2022-08-21 12:32:06');
INSERT INTO `sys_role_menu` VALUES (1561209503779741698, 1559814527686549505, 1559842955370438657, 1067246875800000001, '2022-08-21 12:32:06');
INSERT INTO `sys_role_menu` VALUES (1561209503788130305, 1559814527686549505, 1559834220514291713, 1067246875800000001, '2022-08-21 12:32:06');
INSERT INTO `sys_role_menu` VALUES (1561209503788130306, 1559814527686549505, 1559834220514291714, 1067246875800000001, '2022-08-21 12:32:06');
INSERT INTO `sys_role_menu` VALUES (1561209503788130307, 1559814527686549505, 1559834220514291715, 1067246875800000001, '2022-08-21 12:32:06');
INSERT INTO `sys_role_menu` VALUES (1561209503796518913, 1559814527686549505, 1559834220514291716, 1067246875800000001, '2022-08-21 12:32:06');
INSERT INTO `sys_role_menu` VALUES (1561209503796518914, 1559814527686549505, 1559834220514291717, 1067246875800000001, '2022-08-21 12:32:06');
INSERT INTO `sys_role_menu` VALUES (1561209503804907521, 1559814527686549505, 1559834220514291718, 1067246875800000001, '2022-08-21 12:32:06');
INSERT INTO `sys_role_menu` VALUES (1561209503813296129, 1559814527686549505, 1560282535081062401, 1067246875800000001, '2022-08-21 12:32:06');
INSERT INTO `sys_role_menu` VALUES (1561209503813296130, 1559814527686549505, 1560611165539667969, 1067246875800000001, '2022-08-21 12:32:06');
INSERT INTO `sys_role_menu` VALUES (1561209503821684738, 1559814527686549505, 1559834220447182850, 1067246875800000001, '2022-08-21 12:32:06');
INSERT INTO `sys_role_menu` VALUES (1561209503821684739, 1559814527686549505, 1559834220447182851, 1067246875800000001, '2022-08-21 12:32:06');
INSERT INTO `sys_role_menu` VALUES (1561209503821684740, 1559814527686549505, 1559834220447182852, 1067246875800000001, '2022-08-21 12:32:06');
INSERT INTO `sys_role_menu` VALUES (1561209503830073345, 1559814527686549505, 1559834220447182853, 1067246875800000001, '2022-08-21 12:32:06');
INSERT INTO `sys_role_menu` VALUES (1561209503830073346, 1559814527686549505, 1559834220447182854, 1067246875800000001, '2022-08-21 12:32:06');
INSERT INTO `sys_role_menu` VALUES (1561209503838461953, 1559814527686549505, 1559834220447182855, 1067246875800000001, '2022-08-21 12:32:06');
INSERT INTO `sys_role_menu` VALUES (1561209503846850561, 1559814527686549505, 1559834220514291724, 1067246875800000001, '2022-08-21 12:32:06');
INSERT INTO `sys_role_menu` VALUES (1561209503846850562, 1559814527686549505, 1559834220514291725, 1067246875800000001, '2022-08-21 12:32:06');
INSERT INTO `sys_role_menu` VALUES (1561209503846850563, 1559814527686549505, 1559834220514291726, 1067246875800000001, '2022-08-21 12:32:06');
INSERT INTO `sys_role_menu` VALUES (1561209503855239169, 1559814527686549505, 1559834220514291727, 1067246875800000001, '2022-08-21 12:32:06');
INSERT INTO `sys_role_menu` VALUES (1561209503855239170, 1559814527686549505, 1559834220514291728, 1067246875800000001, '2022-08-21 12:32:06');
INSERT INTO `sys_role_menu` VALUES (1561209503855239171, 1559814527686549505, 1559834220514291729, 1067246875800000001, '2022-08-21 12:32:06');
INSERT INTO `sys_role_menu` VALUES (1561209503863627777, 1559814527686549505, 1559841063068246018, 1067246875800000001, '2022-08-21 12:32:06');
INSERT INTO `sys_role_menu` VALUES (1561209503863627778, 1559814527686549505, 1559834220577206273, 1067246875800000001, '2022-08-21 12:32:06');
INSERT INTO `sys_role_menu` VALUES (1561209503872016386, 1559814527686549505, 1559834220577206274, 1067246875800000001, '2022-08-21 12:32:06');
INSERT INTO `sys_role_menu` VALUES (1561209503872016387, 1559814527686549505, 1559834220577206275, 1067246875800000001, '2022-08-21 12:32:06');
INSERT INTO `sys_role_menu` VALUES (1561209503880404994, 1559814527686549505, 1559834220577206276, 1067246875800000001, '2022-08-21 12:32:06');
INSERT INTO `sys_role_menu` VALUES (1561209503880404995, 1559814527686549505, 1559834220577206277, 1067246875800000001, '2022-08-21 12:32:06');
INSERT INTO `sys_role_menu` VALUES (1561209503888793602, 1559814527686549505, 1559834220577206278, 1067246875800000001, '2022-08-21 12:32:06');
INSERT INTO `sys_role_menu` VALUES (1561209503888793603, 1559814527686549505, 1559843161717612545, 1067246875800000001, '2022-08-21 12:32:06');
INSERT INTO `sys_role_menu` VALUES (1561209503897182210, 1559814527686549505, 1559834220321353740, 1067246875800000001, '2022-08-21 12:32:06');
INSERT INTO `sys_role_menu` VALUES (1561209503897182211, 1559814527686549505, 1559834220321353741, 1067246875800000001, '2022-08-21 12:32:06');
INSERT INTO `sys_role_menu` VALUES (1561209503905570817, 1559814527686549505, 1559834220321353742, 1067246875800000001, '2022-08-21 12:32:06');
INSERT INTO `sys_role_menu` VALUES (1561209503905570818, 1559814527686549505, 1559834220321353743, 1067246875800000001, '2022-08-21 12:32:06');
INSERT INTO `sys_role_menu` VALUES (1561209503905570819, 1559814527686549505, 1559834220321353744, 1067246875800000001, '2022-08-21 12:32:06');
INSERT INTO `sys_role_menu` VALUES (1561209503913959426, 1559814527686549505, 1559834220321353745, 1067246875800000001, '2022-08-21 12:32:06');
INSERT INTO `sys_role_menu` VALUES (1561209503913959427, 1559814527686549505, 1560995289085517825, 1067246875800000001, '2022-08-21 12:32:06');
INSERT INTO `sys_role_menu` VALUES (1561209503913959428, 1559814527686549505, 1559834220384268290, 1067246875800000001, '2022-08-21 12:32:06');
INSERT INTO `sys_role_menu` VALUES (1561209503922348033, 1559814527686549505, 1559834220384268291, 1067246875800000001, '2022-08-21 12:32:06');
INSERT INTO `sys_role_menu` VALUES (1561209503922348034, 1559814527686549505, 1559834220384268292, 1067246875800000001, '2022-08-21 12:32:06');
INSERT INTO `sys_role_menu` VALUES (1561209503930736642, 1559814527686549505, 1559834220384268293, 1067246875800000001, '2022-08-21 12:32:06');
INSERT INTO `sys_role_menu` VALUES (1561209503930736643, 1559814527686549505, 1559834220384268294, 1067246875800000001, '2022-08-21 12:32:06');
INSERT INTO `sys_role_menu` VALUES (1561209503939125250, 1559814527686549505, 1559834220384268295, 1067246875800000001, '2022-08-21 12:32:06');
INSERT INTO `sys_role_menu` VALUES (1561209503939125251, 1559814527686549505, 1559844326987538433, 1067246875800000001, '2022-08-21 12:32:06');
INSERT INTO `sys_role_menu` VALUES (1561209503939125252, 1559814527686549505, 1559834220321353729, 1067246875800000001, '2022-08-21 12:32:06');
INSERT INTO `sys_role_menu` VALUES (1561209503939125253, 1559814527686549505, 1559834220321353730, 1067246875800000001, '2022-08-21 12:32:06');
INSERT INTO `sys_role_menu` VALUES (1561209503947513858, 1559814527686549505, 1559834220321353731, 1067246875800000001, '2022-08-21 12:32:06');
INSERT INTO `sys_role_menu` VALUES (1561209503947513859, 1559814527686549505, 1559834220321353732, 1067246875800000001, '2022-08-21 12:32:06');
INSERT INTO `sys_role_menu` VALUES (1561209503955902465, 1559814527686549505, 1559834220321353733, 1067246875800000001, '2022-08-21 12:32:06');
INSERT INTO `sys_role_menu` VALUES (1561209503955902466, 1559814527686549505, 1559834220321353734, 1067246875800000001, '2022-08-21 12:32:06');

-- ----------------------------
-- Table structure for sys_role_user
-- ----------------------------
DROP TABLE IF EXISTS `sys_role_user`;
CREATE TABLE `sys_role_user`  (
  `id` bigint(0) NOT NULL COMMENT 'id',
  `role_id` bigint(0) NULL DEFAULT NULL COMMENT '角色ID',
  `user_id` bigint(0) NULL DEFAULT NULL COMMENT '用户ID',
  `creator` bigint(0) NULL DEFAULT NULL COMMENT '创建者',
  `create_date` datetime(0) NULL DEFAULT NULL COMMENT '创建时间',
  PRIMARY KEY (`id`) USING BTREE,
  INDEX `idx_role_id`(`role_id`) USING BTREE,
  INDEX `idx_user_id`(`user_id`) USING BTREE
) ENGINE = InnoDB CHARACTER SET = utf8mb4 COLLATE = utf8mb4_0900_ai_ci COMMENT = '角色用户关系' ROW_FORMAT = Dynamic;

-- ----------------------------
-- Records of sys_role_user
-- ----------------------------
INSERT INTO `sys_role_user` VALUES (1559816485587656705, 1559814527686549505, 1559815019674214402, 1067246875800000001, '2022-08-17 16:16:45');
INSERT INTO `sys_role_user` VALUES (1560656610634772481, 1559814527686549505, 1559814681546203137, 1067246875800000001, '2022-08-19 23:55:06');

-- ----------------------------
-- Table structure for sys_user
-- ----------------------------
DROP TABLE IF EXISTS `sys_user`;
CREATE TABLE `sys_user`  (
  `id` bigint(0) NOT NULL COMMENT 'id',
  `username` varchar(50) CHARACTER SET utf8mb4 COLLATE utf8mb4_0900_ai_ci NOT NULL COMMENT '用户名',
  `password` varchar(100) CHARACTER SET utf8mb4 COLLATE utf8mb4_0900_ai_ci NULL DEFAULT NULL COMMENT '密码',
  `real_name` varchar(50) CHARACTER SET utf8mb4 COLLATE utf8mb4_0900_ai_ci NULL DEFAULT NULL COMMENT '姓名',
  `head_url` varchar(200) CHARACTER SET utf8mb4 COLLATE utf8mb4_0900_ai_ci NULL DEFAULT NULL COMMENT '头像',
  `gender` tinyint(0) UNSIGNED NULL DEFAULT NULL COMMENT '性别   0：男   1：女    2：保密',
  `email` varchar(100) CHARACTER SET utf8mb4 COLLATE utf8mb4_0900_ai_ci NULL DEFAULT NULL COMMENT '邮箱',
  `mobile` varchar(100) CHARACTER SET utf8mb4 COLLATE utf8mb4_0900_ai_ci NULL DEFAULT NULL COMMENT '手机号',
  `dept_id` bigint(0) NULL DEFAULT NULL COMMENT '部门ID',
  `super_admin` tinyint(0) UNSIGNED NULL DEFAULT NULL COMMENT '超级管理员   0：否   1：是',
  `status` tinyint(0) NULL DEFAULT NULL COMMENT '状态  0：停用   1：正常',
  `creator` bigint(0) NULL DEFAULT NULL COMMENT '创建者',
  `create_date` datetime(0) NULL DEFAULT NULL COMMENT '创建时间',
  `updater` bigint(0) NULL DEFAULT NULL COMMENT '更新者',
  `update_date` datetime(0) NULL DEFAULT NULL COMMENT '更新时间',
  PRIMARY KEY (`id`) USING BTREE,
  UNIQUE INDEX `uk_username`(`username`) USING BTREE,
  INDEX `idx_create_date`(`create_date`) USING BTREE
) ENGINE = InnoDB CHARACTER SET = utf8mb4 COLLATE = utf8mb4_0900_ai_ci COMMENT = '系统用户' ROW_FORMAT = Dynamic;

-- ----------------------------
-- Records of sys_user
-- ----------------------------
INSERT INTO `sys_user` VALUES (1067246875800000001, 'admin', '$2a$10$012Kx2ba5jzqr9gLlG4MX.bnQJTD9UWqF57XDo2N3.fPtLne02u/m', '管理员', NULL, 0, 'root@renren.io', '13612345678', NULL, 1, 1, 1067246875800000001, '2022-08-17 15:09:11', 1067246875800000001, '2022-08-17 15:09:11');
INSERT INTO `sys_user` VALUES (1559814681546203137, 'zhangsan', '$2a$10$FnFhij9tb9Tnk9.HbbuOD.iKNN0.O3/1Gb9lM9HM/Rg4STC7jtJBy', '张三', NULL, 1, '', '13812345678', 1559803880886247426, 0, 1, 1067246875800000001, '2022-08-17 16:09:35', 1067246875800000001, '2022-08-19 23:55:06');

-- ----------------------------
-- Table structure for sys_user_token
-- ----------------------------
DROP TABLE IF EXISTS `sys_user_token`;
CREATE TABLE `sys_user_token`  (
  `id` bigint(0) NOT NULL COMMENT 'id',
  `user_id` bigint(0) NOT NULL COMMENT '用户id',
  `token` varchar(100) CHARACTER SET utf8mb4 COLLATE utf8mb4_0900_ai_ci NOT NULL COMMENT '用户token',
  `expire_date` datetime(0) NULL DEFAULT NULL COMMENT '过期时间',
  `update_date` datetime(0) NULL DEFAULT NULL COMMENT '更新时间',
  `create_date` datetime(0) NULL DEFAULT NULL COMMENT '创建时间',
  PRIMARY KEY (`id`) USING BTREE,
  UNIQUE INDEX `user_id`(`user_id`) USING BTREE,
  UNIQUE INDEX `token`(`token`) USING BTREE
) ENGINE = InnoDB CHARACTER SET = utf8mb4 COLLATE = utf8mb4_0900_ai_ci COMMENT = '系统用户Token' ROW_FORMAT = Dynamic;

-- ----------------------------
-- Records of sys_user_token
-- ----------------------------
INSERT INTO `sys_user_token` VALUES (1559800045325262850, 1067246875800000001, '42bbcd5e9958dab25045543b98fec9fa', '2022-08-29 03:50:06', '2022-08-28 15:50:06', '2022-08-17 15:11:25');
INSERT INTO `sys_user_token` VALUES (1561209703218896898, 1559815019674214402, '0e85e83a55efe163d35d8a80c1cda7bd', '2022-08-22 00:32:54', '2022-08-21 12:32:54', '2022-08-21 12:32:54');

-- ----------------------------
-- Table structure for tb_token
-- ----------------------------
DROP TABLE IF EXISTS `tb_token`;
CREATE TABLE `tb_token`  (
  `id` bigint(0) NOT NULL COMMENT 'id',
  `user_id` bigint(0) NOT NULL COMMENT '用户ID',
  `token` varchar(100) CHARACTER SET utf8 COLLATE utf8_general_ci NOT NULL COMMENT 'token',
  `expire_date` datetime(0) NULL DEFAULT NULL COMMENT '过期时间',
  `update_date` datetime(0) NULL DEFAULT NULL COMMENT '更新时间',
  PRIMARY KEY (`id`) USING BTREE,
  UNIQUE INDEX `user_id`(`user_id`) USING BTREE,
  UNIQUE INDEX `token`(`token`) USING BTREE
) ENGINE = InnoDB CHARACTER SET = utf8 COLLATE = utf8_general_ci COMMENT = '用户Token' ROW_FORMAT = Dynamic;

-- ----------------------------
-- Records of tb_token
-- ----------------------------
INSERT INTO `tb_token` VALUES (1562819873267068930, 1562819873229320194, 'decff2481e9d41b3a1402d54b6a5d6ab', '2022-08-26 11:11:08', '2022-08-25 23:11:08');
INSERT INTO `tb_token` VALUES (1562837457970499586, 1534405913534889985, 'd58caef22a7f4947a72dc18ee18497ae', '2022-08-28 08:29:40', '2022-08-27 20:29:40');

-- ----------------------------
-- Table structure for user
-- ----------------------------
DROP TABLE IF EXISTS `user`;
CREATE TABLE `user`  (
  `id` bigint(0) NOT NULL COMMENT 'id',
  `name` varchar(50) CHARACTER SET utf8 COLLATE utf8_bin NULL DEFAULT NULL COMMENT '姓名',
  `phone` varchar(100) CHARACTER SET utf8 COLLATE utf8_bin NULL DEFAULT NULL COMMENT '手机号',
  `gender` tinyint(0) NULL DEFAULT NULL COMMENT '性别 0：男 1：女 2：保密',
  `id_number` varchar(18) CHARACTER SET utf8 COLLATE utf8_bin NULL DEFAULT NULL COMMENT '身份证号',
  `avatar_url` varchar(500) CHARACTER SET utf8 COLLATE utf8_bin NULL DEFAULT NULL COMMENT '头像',
  `status` tinyint(0) NULL DEFAULT 1 COMMENT '状态 0:禁用，1:正常',
  `openid` varchar(90) CHARACTER SET utf8 COLLATE utf8_bin NULL DEFAULT NULL COMMENT '微信openid',
  `nick_name` varchar(150) CHARACTER SET utf8 COLLATE utf8_bin NULL DEFAULT NULL COMMENT '微信昵称',
  `creator` bigint(0) NULL DEFAULT NULL COMMENT '创建者',
  `create_date` datetime(0) NULL DEFAULT NULL COMMENT '创建时间',
  `updater` bigint(0) NULL DEFAULT NULL COMMENT '更新者',
  `update_date` datetime(0) NULL DEFAULT NULL COMMENT '更新时间',
  PRIMARY KEY (`id`) USING BTREE
) ENGINE = InnoDB CHARACTER SET = utf8 COLLATE = utf8_bin COMMENT = '用户信息' ROW_FORMAT = Dynamic;

-- ----------------------------
-- Records of user
-- ----------------------------
INSERT INTO `user` VALUES (1521742698082504705, '测试', '13913246578', 1, '500113200111115231', '123', 1, '123', '测试', 1521742698082504705, '2022-05-07 20:22:14', 1521742698082504705, '2022-08-15 11:04:28');

SET FOREIGN_KEY_CHECKS = 1;